Global RMG Settings:
   database.directory   = /home/itmoth/anaconda3/envs/rmg_env/share/rmgdatabase (from /home/itmoth/anaconda3/envs/rmg_env/lib/python3.7/site-packages/rmgpy/rmgrc)
   test_data.directory  = /home/itmoth/anaconda3/envs/rmg_env/lib/python3.7/site-packages/rmgpy/test_data (Default, relative to RMG-Py source code)
RMG execution initiated at Sat Apr 12 10:09:45 2025

#########################################################
# RMG-Py - Reaction Mechanism Generator in Python       #
# Version: 3.1.0                                        #
# Authors: RMG Developers (rmg_dev@mit.edu)             #
# P.I.s:   William H. Green (whgreen@mit.edu)           #
#          Richard H. West (r.west@neu.edu)             #
# Website: http://reactionmechanismgenerator.github.io/ #
#########################################################

Reading input file "/home/itmoth/ReactionMechanismGenerator/PMDBZD/benzene.py"...
# Data sources
database(
    thermoLibraries = ['primaryThermoLibrary', 'BurkeH2O2', 'FFCM1(-)'],
    reactionLibraries = ['Dooley/methylformate_all_N2bathgas'],
    seedMechanisms = [],
    kineticsDepositories = 'default',
    kineticsFamilies = 'default',
    kineticsEstimator = 'rate rules',
)

generatedSpeciesConstraints(
    allowed=['input species','seed mechanisms','reaction libraries'],	
    maximumRadicalElectrons = 2,
    maximumOxygenAtoms = 10,
    maximumCarbonAtoms = 15,		
)

# List of species
species(
    label='toluene',
    reactive=True,
    structure=SMILES("Cc1ccccc1")
)

species(
    label='tolyl',
    reactive=True,
    structure=adjacencyList("""
    multiplicity 2
    1  C u1 p0 c0 {2,S} {8,S} {9,S}
    2  C u0 p0 c0 {1,S} {3,S} {7,D}
    3  C u0 p0 c0 {2,S} {4,D} {10,S}
    4  C u0 p0 c0 {3,D} {5,S} {11,S}
    5  C u0 p0 c0 {4,S} {6,D} {12,S}
    6  C u0 p0 c0 {5,D} {7,S} {13,S}
    7  C u0 p0 c0 {2,D} {6,S} {14,S}
    8  H u0 p0 c0 {1,S}
    9  H u0 p0 c0 {1,S}
    10 H u0 p0 c0 {3,S}
    11 H u0 p0 c0 {4,S}
    12 H u0 p0 c0 {5,S}
    13 H u0 p0 c0 {6,S}
    14 H u0 p0 c0 {7,S}
    """)
)

species(
    label='o-cresol',
    reactive=True,
    structure=adjacencyList("""
    multiplicity 1
    1  C u0 p0 c0 {2,S} {8,S} {9,S} {15,S}
    2  C u0 p0 c0 {1,S} {3,S} {7,D}
    3  C u0 p0 c0 {2,S} {4,D} {10,S}
    4  C u0 p0 c0 {3,D} {5,S} {11,S}
    5  C u0 p0 c0 {4,S} {6,D} {12,S}
    6  C u0 p0 c0 {5,D} {7,S} {13,S}
    7  C u0 p0 c0 {2,D} {6,S} {14,S}
    8  H u0 p0 c0 {1,S}
    9  H u0 p0 c0 {1,S}
    10 O u0 p2 c0 {3,S} {16,S}
    11 H u0 p0 c0 {4,S}
    12 H u0 p0 c0 {5,S}
    13 H u0 p0 c0 {6,S}
    14 H u0 p0 c0 {7,S}
    15 H u0 p0 c0 {1,S}
    16 H u0 p0 c0 {10,S}
    """)
)

species(
    label='MHCHD',
    reactive=True,
    structure=adjacencyList("""
    multiplicity 2
    1  C u0 p0 c0 {2,S} {8,S} {9,S} {14,S}
    2  C u0 p0 c0 {1,S} {3,S} {7,D}
    3  C u0 p0 c0 {2,S} {4,S} {10,S} {17,S}
    4  C u1 p0 c0 {3,S} {5,S} {16,S}
    5  C u0 p0 c0 {4,S} {6,D} {11,S}
    6  C u0 p0 c0 {5,D} {7,S} {12,S}
    7  C u0 p0 c0 {2,D} {6,S} {13,S}
    8  H u0 p0 c0 {1,S}
    9  H u0 p0 c0 {1,S}
    10 O u0 p2 c0 {3,S} {15,S}
    11 H u0 p0 c0 {5,S}
    12 H u0 p0 c0 {6,S}
    13 H u0 p0 c0 {7,S}
    14 H u0 p0 c0 {1,S}
    15 H u0 p0 c0 {10,S}
    16 H u0 p0 c0 {4,S}
    17 H u0 p0 c0 {3,S}
    """)
)

species(
    label='benzaldehyde',
    reactive=True,
    structure=adjacencyList("""
    multiplicity 1
    1  C u0 p0 c0 {2,S} {6,D} {9,S}
    2  C u0 p0 c0 {1,S} {3,D} {10,S}
    3  C u0 p0 c0 {2,D} {4,S} {11,S}
    4  C u0 p0 c0 {3,S} {5,D} {12,S}
    5  C u0 p0 c0 {4,D} {6,S} {13,S}
    6  C u0 p0 c0 {1,D} {5,S} {7,S}
    7  C u0 p0 c0 {6,S} {8,D} {14,S}
    8  O u0 p2 c0 {7,D}
    9  H u0 p0 c0 {1,S}
    10 H u0 p0 c0 {2,S}
    11 H u0 p0 c0 {3,S}
    12 H u0 p0 c0 {4,S}
    13 H u0 p0 c0 {5,S}
    14 H u0 p0 c0 {7,S}
    """)
)

species(
    label='N2',
    reactive=False,
    structure=SMILES("N#N")
)

species(
    label='O2',
    reactive=True,
    structure=SMILES("[O][O]")
)

species(
    label='tolylperoxy',
    reactive=True,
    structure=SMILES("[O]OCc1ccccc1")
)

species(
    label='OH',
    reactive=True,
    structure=adjacencyList("""
    multiplicity 2
    1 O u1 p2 c0 {2,S}
    2 H u0 p0 c0 {1,S}
    """),
)

species(
    label='1,2 bzd',
    reactive=True,
    structure=adjacencyList("""
    1  C u0 p0 c0 {2,S} {9,S} {10,S} {11,S}
    2  O u0 p2 c0 {1,S} {3,S}
    3  O u0 p2 c0 {2,S} {4,S}
    4  C u0 p0 c0 {3,S} {5,S} {9,D}
    5  C u0 p0 c0 {4,S} {6,D} {12,S}
    6  C u0 p0 c0 {5,D} {7,S} {13,S}
    7  C u0 p0 c0 {6,S} {8,D} {14,S}
    8  C u0 p0 c0 {7,D} {9,S} {15,S}
    9  C u0 p0 c0 {1,S} {4,D} {8,S}
    10 H u0 p0 c0 {1,S}
    11 H u0 p0 c0 {1,S}
    12 H u0 p0 c0 {5,S}
    13 H u0 p0 c0 {6,S}
    14 H u0 p0 c0 {7,S}
    15 H u0 p0 c0 {8,S}
    """),
)

species(
    label='1,3 bzd',
    reactive=True,
    structure=adjacencyList("""
    1  C u0 p0 c0 {2,S} {9,S} {10,S} {11,S}
    2  O u0 p2 c0 {1,S} {3,S}
    3  C u0 p0 c0 {2,S} {4,S} {8,D}
    4  C u0 p0 c0 {3,S} {5,D} {12,S}
    5  C u0 p0 c0 {4,D} {6,S} {13,S}
    6  C u0 p0 c0 {5,S} {7,D} {14,S}
    7  C u0 p0 c0 {6,D} {8,S} {15,S}
    8  C u0 p0 c0 {3,D} {7,S} {9,S}
    9  O u0 p2 c0 {1,S} {8,S}
    10 H u0 p0 c0 {1,S}
    11 H u0 p0 c0 {1,S}
    12 H u0 p0 c0 {4,S}
    13 H u0 p0 c0 {5,S}
    14 H u0 p0 c0 {6,S}
    15 H u0 p0 c0 {7,S}
    """),
)

# Reaction systems
simpleReactor(
    temperature=(298,'K'),
    pressure=(1.0,'bar'),
    initialMoleFractions={
        "N2": 79,
        "O2": 21,
        "OH": 1e-13,
        "toluene": 1e-8,
        "tolyl": 0,
        "tolylperoxy": 0,
        "o-cresol": 0,
        "MHCHD": 0,
        "benzaldehyde": 0,
	"1,3 bzd": 0,
        "1,2 bzd": 0,
    },
    terminationConversion={
        'toluene': 0.99,
    },
    terminationTime=(1e2,'s'),
    sensitivity=['toluene','toluene', 'tolyl', 'tolylperoxy', 'o-cresol', 'benzaldehyde', '1,3 bzd', '1,2 bzd'],
    sensitivityThreshold=0.001,
)

simulator(
    atol=1e-16,
    rtol=1e-8,
)

model(
    toleranceKeepInEdge=0.0,
    toleranceMoveToCore=0.03,
    toleranceInterruptSimulation=0.03,
    maximumEdgeSpecies=100000,
    filterReactions = True,
)

options(
    units='si',
    generateOutputHTML=True,
    generatePlots=True,
    saveEdgeSpecies=True,
    saveSimulationProfiles=True,
)

generatedSpeciesConstraints(
    allowSingletO2 = True
)

uncertainty(
    localAnalysis=True,
    globalAnalysis=False,
    uncorrelated=True,
    localNumber=10,
    globalNumber=5,
    terminationTime=None,
    pceRunTime=1800,
    pceErrorTol=None,
    pceMaxEvals=None,
    logx=True
)

Warning: Initial mole fractions do not sum to one; normalizing.

Original composition:
N2 = 79.0
O2 = 21.0
OH = 1e-13
toluene = 1e-08
tolyl = 0.0
tolylperoxy = 0.0
o-cresol = 0.0
MHCHD = 0.0
benzaldehyde = 0.0
1,3 bzd = 0.0
1,2 bzd = 0.0

Normalized mole fractions:
N2 = 0.7899999999209992
O2 = 0.2099999999789998
OH = 9.999999998999991e-16
toluene = 9.999999998999991e-11
tolyl = 0.0
tolylperoxy = 0.0
o-cresol = 0.0
MHCHD = 0.0
benzaldehyde = 0.0
1,3 bzd = 0.0
1,2 bzd = 0.0

Warning: Generate Output HTML option was turned on. Note that this will slow down model generation.
Warning: Edge species saving was turned on. This will slow down model generation for large simulations.

Loading transport library from NOx2018.py in /home/itmoth/anaconda3/envs/rmg_env/share/rmgdatabase/transport/libraries...
Loading transport library from PrimaryTransportLibrary.py in /home/itmoth/anaconda3/envs/rmg_env/share/rmgdatabase/transport/libraries...
Loading transport library from OneDMinN2.py in /home/itmoth/anaconda3/envs/rmg_env/share/rmgdatabase/transport/libraries...
Loading transport library from GRI-Mech.py in /home/itmoth/anaconda3/envs/rmg_env/share/rmgdatabase/transport/libraries...
Loading transport group database from /home/itmoth/anaconda3/envs/rmg_env/share/rmgdatabase/transport/groups...
Loading kinetics library Dooley/methylformate_all_N2bathgas from /home/itmoth/anaconda3/envs/rmg_env/share/rmgdatabase/kinetics/libraries/Dooley/methylformate_all_N2bathgas/reactions.py...
Loading frequencies group database from /home/itmoth/anaconda3/envs/rmg_env/share/rmgdatabase/statmech/groups...
Loading Platts additivity group database from /home/itmoth/anaconda3/envs/rmg_env/share/rmgdatabase/solvation/groups...
Loading thermodynamics library from primaryThermoLibrary.py in /home/itmoth/anaconda3/envs/rmg_env/share/rmgdatabase/thermo/libraries...
Loading thermodynamics library from BurkeH2O2.py in /home/itmoth/anaconda3/envs/rmg_env/share/rmgdatabase/thermo/libraries...
Loading thermodynamics library from FFCM1(-).py in /home/itmoth/anaconda3/envs/rmg_env/share/rmgdatabase/thermo/libraries...
Loading thermodynamics group database from /home/itmoth/anaconda3/envs/rmg_env/share/rmgdatabase/thermo/groups...
Adding rate rules from training set in kinetics families...
Filling in rate rules in kinetics families by averaging...
Adding reaction library Dooley/methylformate_all_N2bathgas to model edge...

Summary of Model Enlargement
---------------------------------
Added 0 new core species
Created 262 new edge species
    H(11)
    O(12)
    H2(13)
    H2O(14)
    HO2(15)
    H2O2(16)
    CO(17)
    CO2(18)
    HCO(19)
    CH3(20)
    CH4(21)
    CH2O(22)
    O2CHO(23)
    HO2CHO(24)
    OCHO(25)
    OCH2O2H(26)
    HOCH2O2(27)
    HOCH2O2H(28)
    HOCH2O(29)
    CH3O(30)
    CH3OH(31)
    CH3O2(32)
    CH3O2H(33)
    CH2OH(34)
    C2H5(35)
    CH2(36)
    CH2(S)(37)
    C2H4(38)
    C2H2(39)
    CH(40)
    C(41)
    HCOOH(42)
    C2H6(43)
    C2H5O2(44)
    C2H5O2H(45)
    C2H3(46)
    CH3CHO(47)
    C2H5O(48)
    C2H4O2H(49)
    C2H4O1-2(50)
    C2H3O1-2(51)
    CH3CO(52)
    CH2CHO(53)
    CH3CO3(54)
    CH3CO3H(55)
    CH2CO(56)
    CH3CO2(57)
    HCCO(58)
    C2H(59)
    HCCOH(60)
    C2H5OH(61)
    PC2H4OH(62)
    SC2H4OH(63)
    O2C2H4OH(64)
    CH3COCH3(65)
    CH3COCH2(66)
    CH3COCH2O2(67)
    CH3COCH2O2H(68)
    CH3COCH2O(69)
    C2H3CHO(70)
    C2H3CO(71)
    C2H5CHO(72)
    C2H5CO(73)
    CH3OCH3(74)
    CH3OCH2(75)
    CH3OCH2O2(76)
    CH3OCH2O2H(77)
    CH3OCH2O(78)
    CH2OCH2O2H(79)
    O2CH2OCH2O2H(80)
    HO2CH2OCHO(81)
    NC3H7(82)
    C3H8(83)
    IC3H7(84)
    C3H5-A(85)
    C3H6(86)
    NC3H7O2(87)
    NC3H7O2H(88)
    IC3H7O2(89)
    IC3H7O2H(90)
    C3H5-S(91)
    C3H5-T(92)
    CH3CHCO(93)
    C3H6O1-2(94)
    C3H6OH(95)
    HOC3H6O2(96)
    C3H4-A(97)
    C3H5O(98)
    C3H4-P(99)
    C3H3(100)
    C3H2(101)
    C4H4(102)
    C4H3-I(103)
    C4H2(104)
    C4H3-N(105)
    NC3H7O(106)
    IC3H7O(107)
    C3H6OOH1-2(108)
    C3H6OOH1-3(109)
    C3H6OOH2-1(110)
    C3H6OOH2-2(111)
    C3H6O1-3(112)
    C2H3OOH(113)
    C3H6OOH1-2O2(114)
    C3H6OOH1-3O2(115)
    C3H6OOH2-1O2(116)
    C3KET12(117)
    C3KET13(118)
    C3H51-2,3OOH(119)
    AC3H5OOH(120)
    C3H52-1,3OOH(121)
    PC4H9(122)
    C4H10(123)
    SC4H9(124)
    PC4H9O2(125)
    PC4H9O2H(126)
    SC4H9O2(127)
    SC4H9O2H(128)
    C4H8-1(129)
    C4H8-2(130)
    C4H71-3(131)
    C4H71-1(132)
    C4H71-2(133)
    C4H71-4(134)
    C4H6(135)
    C4H8O1-2(136)
    C4H8O2-3(137)
    C4H8OH-1(138)
    C4H8OH-2(139)
    C4H8OH-1O2(140)
    C4H8OH-2O2(141)
    C4H72-2(142)
    C4H7O(143)
    C4H5-I(144)
    C4H5-N(145)
    CH3CHCHCO(146)
    CH2CHCHCHO(147)
    C4H6O25(148)
    C2H3CHOCH2(149)
    C4H5-2(150)
    C4H612(151)
    C4H6-2(152)
    C4H6O23(153)
    CH3CHCHCHO(154)
    C4H4O(155)
    C6H2(156)
    C6H3(157)
    L-C6H4(158)
    C-C6H4(159)
    H2CC(160)
    H2C4O(161)
    C4H8O1-3(162)
    C4H8O1-4(163)
    PC4H9O(164)
    SC4H9O(165)
    C4H8OOH1-2(166)
    C4H8OOH1-3(167)
    C4H8OOH1-4(168)
    C4H8OOH2-1(169)
    C4H8OOH2-3(170)
    C4H8OOH2-4(171)
    C4H8OOH1-1(172)
    NC3H7CHO(173)
    C4H8OOH2-2(174)
    C2H5COCH3(175)
    C4H8OOH1-2O2(176)
    C4H8OOH1-3O2(177)
    C4H8OOH1-4O2(178)
    C4H8OOH2-1O2(179)
    C4H8OOH2-3O2(180)
    C4H8OOH2-4O2(181)
    NC4KET12(182)
    NC4KET13(183)
    NC4KET14(184)
    NC4KET21(185)
    NC4KET23(186)
    NC4KET24(187)
    CH2CH2CHO(188)
    CH2CH2COCH3(189)
    CH3CHCOCH3(190)
    C2H5COCH2(191)
    CH3CHOOCOCH3(192)
    CH2CHOOHCOCH3(193)
    C2H3COCH3(194)
    NC3H7CO(195)
    C3H6CHO-1(196)
    C3H6CHO-2(197)
    C3H6CHO-3(198)
    C2H5CHCO(199)
    SC3H5CHO(200)
    SC3H5CO(201)
    IC4H10(202)
    TC4H9(203)
    IC4H9(204)
    IC4H9O2(205)
    IC4H9O2H(206)
    TC4H9O2(207)
    TC4H9O2H(208)
    IC4H9O(209)
    TC4H9O(210)
    IC4H8(211)
    IC4H7(212)
    IC4H7O(213)
    CC4H8O(214)
    IC3H7CHO(215)
    IC4H8O(216)
    IC3H6CHO(217)
    TC3H6CHO(218)
    IC3H7CO(219)
    IC4H8OH(220)
    IO2C4H8OH(221)
    IC4H8O2H-I(222)
    TC4H8O2H-I(223)
    IC4H8O2H-T(224)
    IC4H8OOH-IO2(225)
    TC4H8OOH-IO2(226)
    IC4H8OOH-TO2(227)
    IC4KETII(228)
    IC4KETIT(229)
    IC3H6CO(230)
    IC3H5CHO(231)
    IC4H6OH(232)
    IC4H7OH(233)
    IC3H5CO(234)
    TC3H6OCHO(235)
    IC4H7OOH(236)
    TC3H6OHCHO(237)
    TC3H6OH(238)
    IC3H5OH(239)
    TC3H6O2CHO(240)
    IC3H5O2HCHO(241)
    TC3H6O2HCO(242)
    TC4H8CHO(243)
    O2C4H8CHO(244)
    O2HC4H8CO(245)
    CH2CCH2OH(246)
    C3H5OH(247)
    CH2OCHO(248)
    CH3OCHO(249)
    CH3OCO(250)
    OCH2OCHO(251)
    HOCH2OCO(252)
    CH3OC*OOOH(253)
    CH3OC*OO(254)
    CH3OC*OOO(255)
    OOCH2OCHO(256)
    HOOCH2OC*O(257)
    CH2OC*OOOH(258)
    CH2O2H(259)
    CYOCH2OC*O(260)
    OOCH2OC*OOOH(261)
    HOOCH2OC*OOO(262)
    O*CHOC*OOOH(263)
    CHOOCO(264)
    EF(265)
    EFP(266)
    EFS(267)
    EFF(268)
    ME(269)
    ME2J(270)
    MEMJ(271)
    CC3H4(272)
Added 0 new core reactions
Created 1571 new edge reactions
    O2(6) + H(11) <=> O(12) + OH(8)
    O(12) + H2(13) <=> H(11) + OH(8)
    OH(8) + H2(13) <=> H(11) + H2O(14)
    O(12) + H2O(14) <=> OH(8) + OH(8)
    H(11) + HO2(15) <=> O2(6) + H2(13)
    H(11) + HO2(15) <=> OH(8) + OH(8)
    O(12) + HO2(15) <=> O2(6) + OH(8)
    OH(8) + HO2(15) <=> O2(6) + H2O(14)
    HO2(15) + HO2(15) <=> O2(6) + H2O2(16)
    H(11) + H2O2(16) <=> OH(8) + H2O(14)
    H(11) + H2O2(16) <=> HO2(15) + H2(13)
    O(12) + H2O2(16) <=> OH(8) + HO2(15)
    OH(8) + H2O2(16) <=> HO2(15) + H2O(14)
    O2(6) + CO(17) <=> O(12) + CO2(18)
    HO2(15) + CO(17) <=> OH(8) + CO2(18)
    OH(8) + CO(17) <=> H(11) + CO2(18)
    O2(6) + HCO(19) <=> HO2(15) + CO(17)
    H(11) + HCO(19) <=> H2(13) + CO(17)
    O(12) + HCO(19) <=> OH(8) + CO(17)
    OH(8) + HCO(19) <=> H2O(14) + CO(17)
    O(12) + HCO(19) <=> H(11) + CO2(18)
    HO2(15) + HCO(19) <=> H(11) + OH(8) + CO2(18)
    HCO(19) + CH3(20) <=> CO(17) + CH4(21)
    HCO(19) + HCO(19) <=> H2(13) + CO(17) + CO(17)
    HCO(19) + HCO(19) <=> CO(17) + CH2O(22)
    O2(6) + HCO(19) <=> O2CHO(23)
    O2CHO(23) + CH2O(22) <=> HCO(19) + HO2CHO(24)
    HO2CHO(24) <=> OH(8) + OCHO(25)
    H(11) + CH2O(22) <=> H2(13) + HCO(19)
    O(12) + CH2O(22) <=> OH(8) + HCO(19)
    OH(8) + CH2O(22) <=> H2O(14) + HCO(19)
    O2(6) + CH2O(22) <=> HO2(15) + HCO(19)
    HO2(15) + CH2O(22) <=> H2O2(16) + HCO(19)
    CH2O(22) + CH3(20) <=> HCO(19) + CH4(21)
    HO2(15) + CH2O(22) <=> OCH2O2H(26)
    OCH2O2H(26) <=> HOCH2O2(27)
    HO2(15) + HOCH2O2(27) <=> O2(6) + HOCH2O2H(28)
    OH(8) + HOCH2O(29) <=> HOCH2O2H(28)
    O(12) + CH3(20) <=> H(11) + CH2O(22)
    O2(6) + CH3(20) <=> O(12) + CH3O(30)
    O2(6) + CH3(20) <=> OH(8) + CH2O(22)
    HO2(15) + CH3(20) <=> OH(8) + CH3O(30)
    H(11) + CH4(21) <=> H2(13) + CH3(20)
    O(12) + CH4(21) <=> OH(8) + CH3(20)
    OH(8) + CH4(21) <=> H2O(14) + CH3(20)
    HO2(15) + CH3(20) <=> O2(6) + CH4(21)
    HO2(15) + CH4(21) <=> H2O2(16) + CH3(20)
    CH3(20) + CH3OH(31) <=> CH3O(30) + CH4(21)
    CH3(20) + CH3O(30) <=> CH2O(22) + CH4(21)
    H(11) + CH3O(30) <=> H2(13) + CH2O(22)
    CH2O(22) + CH3O2(32) <=> HCO(19) + CH3O2H(33)
    CH3O2(32) + CH4(21) <=> CH3(20) + CH3O2H(33)
    CH3O2(32) + CH3OH(31) <=> CH2OH(34) + CH3O2H(33)
    CH3(20) + CH3O2(32) <=> CH3O(30) + CH3O(30)
    HO2(15) + CH3O2(32) <=> O2(6) + CH3O2H(33)
    CH3O2(32) + CH3O2(32) <=> O2(6) + CH2O(22) + CH3OH(31)
    CH3O2(32) + CH3O2(32) <=> O2(6) + CH3O(30) + CH3O(30)
    H(11) + CH3O2(32) <=> OH(8) + CH3O(30)
    O(12) + CH3O2(32) <=> O2(6) + CH3O(30)
    OH(8) + CH3O2(32) <=> O2(6) + CH3OH(31)
    CH3O2H(33) <=> OH(8) + CH3O(30)
    H(11) + CH2OH(34) <=> H2(13) + CH2O(22)
    H(11) + CH2OH(34) <=> OH(8) + CH3(20)
    O(12) + CH2OH(34) <=> OH(8) + CH2O(22)
    OH(8) + CH2OH(34) <=> H2O(14) + CH2O(22)
    O2(6) + CH2OH(34) <=> HO2(15) + CH2O(22)
    HO2(15) + CH2OH(34) <=> H2O2(16) + CH2O(22)
    HCO(19) + CH2OH(34) <=> CO(17) + CH3OH(31)
    HCO(19) + CH2OH(34) <=> CH2O(22) + CH2O(22)
    CH2OH(34) + CH2OH(34) <=> CH2O(22) + CH3OH(31)
    CH2OH(34) + CH3O(30) <=> CH2O(22) + CH3OH(31)
    HO2(15) + CH2OH(34) <=> OH(8) + HOCH2O(29)
    H(11) + CH3O(30) <=> OH(8) + CH3(20)
    O(12) + CH3O(30) <=> OH(8) + CH2O(22)
    OH(8) + CH3O(30) <=> H2O(14) + CH2O(22)
    O2(6) + CH3O(30) <=> HO2(15) + CH2O(22)
    HO2(15) + CH3O(30) <=> H2O2(16) + CH2O(22)
    CO(17) + CH3O(30) <=> CO2(18) + CH3(20)
    HCO(19) + CH3O(30) <=> CO(17) + CH3OH(31)
    CH3O(30) + CH3O(30) <=> CH2O(22) + CH3OH(31)
    H(11) + CH3OH(31) <=> H2(13) + CH2OH(34)
    H(11) + CH3OH(31) <=> H2(13) + CH3O(30)
    O(12) + CH3OH(31) <=> OH(8) + CH2OH(34)
    OH(8) + CH3OH(31) <=> H2O(14) + CH3O(30)
    OH(8) + CH3OH(31) <=> H2O(14) + CH2OH(34)
    O2(6) + CH3OH(31) <=> HO2(15) + CH2OH(34)
    HCO(19) + CH3OH(31) <=> CH2O(22) + CH2OH(34)
    HO2(15) + CH3OH(31) <=> H2O2(16) + CH2OH(34)
    CH3(20) + CH3OH(31) <=> CH2OH(34) + CH4(21)
    CH3O(30) + CH3OH(31) <=> CH2OH(34) + CH3OH(31)
    CH3(20) + CH3(20) <=> H(11) + C2H5(35)
    CH2(36) + CH4(21) <=> CH3(20) + CH3(20)
    CH2(S)(37) + CH4(21) <=> CH3(20) + CH3(20)
    OH(8) + CH3(20) <=> H2O(14) + CH2(36)
    OH(8) + CH3(20) <=> H2O(14) + CH2(S)(37)
    CH2(36) + CH3(20) <=> H(11) + C2H4(38)
    CH2(S)(37) + CH3(20) <=> H(11) + C2H4(38)
    H(11) + CH3O(30) <=> H2O(14) + CH2(S)(37)
    O(12) + CH2(36) <=> H(11) + HCO(19)
    OH(8) + CH2(36) <=> H(11) + CH2O(22)
    H2(13) + CH2(36) <=> H(11) + CH3(20)
    O2(6) + CH2(36) <=> OH(8) + HCO(19)
    HO2(15) + CH2(36) <=> OH(8) + CH2O(22)
    CH2(36) + CH2(36) <=> H2(13) + C2H2(39)
    H2O(14) + CH2(S)(37) <=> H2O(14) + CH2(36)
    CO(17) + CH2(S)(37) <=> CO(17) + CH2(36)
    CO2(18) + CH2(S)(37) <=> CO2(18) + CH2(36)
    O(12) + CH2(S)(37) <=> H2(13) + CO(17)
    O(12) + CH2(S)(37) <=> H(11) + HCO(19)
    OH(8) + CH2(S)(37) <=> H(11) + CH2O(22)
    H2(13) + CH2(S)(37) <=> H(11) + CH3(20)
    O2(6) + CH2(S)(37) <=> H(11) + OH(8) + CO(17)
    O2(6) + CH2(S)(37) <=> H2O(14) + CO(17)
    CO2(18) + CH2(S)(37) <=> CO(17) + CH2O(22)
    H(11) + CH2(S)(37) <=> H2(13) + CH(40)
    H(11) + CH2(36) <=> H2(13) + CH(40)
    OH(8) + CH2(36) <=> H2O(14) + CH(40)
    O2(6) + CH(40) <=> O(12) + HCO(19)
    H(11) + CH(40) <=> H2(13) + C(41)
    O(12) + CH(40) <=> H(11) + CO(17)
    OH(8) + CH(40) <=> H(11) + HCO(19)
    H2O(14) + CH(40) <=> H(11) + CH2O(22)
    CO2(18) + CH(40) <=> CO(17) + HCO(19)
    HOCH2O(29) <=> H(11) + HCOOH(42)
    OH(8) + CH2O(22) <=> HOCH2O(29)
    HCOOH(42) <=> H2O(14) + CO(17)
    HCOOH(42) <=> H2(13) + CO2(18)
    HCOOH(42) <=> OH(8) + HCO(19)
    OH(8) + HCOOH(42) <=> H(11) + H2O(14) + CO2(18)
    OH(8) + HCOOH(42) <=> OH(8) + H2O(14) + CO(17)
    H(11) + HCOOH(42) <=> H(11) + H2(13) + CO2(18)
    H(11) + HCOOH(42) <=> OH(8) + H2(13) + CO(17)
    HCOOH(42) + CH3(20) <=> OH(8) + CO(17) + CH4(21)
    HO2(15) + HCOOH(42) <=> OH(8) + H2O2(16) + CO(17)
    O(12) + HCOOH(42) <=> OH(8) + OH(8) + CO(17)
    H(11) + C2H6(43) <=> H2(13) + C2H5(35)
    O(12) + C2H6(43) <=> OH(8) + C2H5(35)
    OH(8) + C2H6(43) <=> H2O(14) + C2H5(35)
    O2(6) + C2H6(43) <=> HO2(15) + C2H5(35)
    CH3(20) + C2H6(43) <=> CH4(21) + C2H5(35)
    HO2(15) + C2H6(43) <=> H2O2(16) + C2H5(35)
    CH3O2(32) + C2H6(43) <=> CH3O2H(33) + C2H5(35)
    CH3O(30) + C2H6(43) <=> CH3OH(31) + C2H5(35)
    CH(40) + C2H6(43) <=> CH2(36) + C2H5(35)
    CH2(S)(37) + C2H6(43) <=> CH3(20) + C2H5(35)
    H2(13) + CH3O2(32) <=> H(11) + CH3O2H(33)
    H2(13) + C2H5O2(44) <=> H(11) + C2H5O2H(45)
    C2H4(38) + C2H4(38) <=> C2H3(46) + C2H5(35)
    CH3(20) + C2H5(35) <=> CH4(21) + C2H4(38)
    H(11) + C2H5(35) <=> H2(13) + C2H4(38)
    O(12) + C2H5(35) <=> H(11) + CH3CHO(47)
    HO2(15) + C2H5(35) <=> OH(8) + C2H5O(48)
    CH3O2(32) + C2H5(35) <=> CH3O(30) + C2H5O(48)
    O2(6) + C2H5O(48) <=> HO2(15) + CH3CHO(47)
    CH2O(22) + CH3(20) <=> C2H5O(48)
    H(11) + CH3CHO(47) <=> C2H5O(48)
    O2(6) + C2H5(35) <=> C2H5O2(44)
    CH2O(22) + C2H5O2(44) <=> HCO(19) + C2H5O2H(45)
    CH4(21) + C2H5O2(44) <=> CH3(20) + C2H5O2H(45)
    CH3OH(31) + C2H5O2(44) <=> CH2OH(34) + C2H5O2H(45)
    HO2(15) + C2H5O2(44) <=> O2(6) + C2H5O2H(45)
    C2H5O2(44) + C2H6(43) <=> C2H5(35) + C2H5O2H(45)
    C2H5O2H(45) <=> OH(8) + C2H5O(48)
    O2(6) + C2H5(35) <=> C2H4O2H(49)
    O2(6) + C2H5(35) <=> HO2(15) + C2H4(38)
    O2(6) + C2H5(35) <=> OH(8) + C2H4O1-2(50)
    O2(6) + C2H5(35) <=> OH(8) + CH3CHO(47)
    C2H4O2H(49) <=> C2H5O2(44)
    C2H5O2(44) <=> OH(8) + CH3CHO(47)
    C2H5O2(44) <=> HO2(15) + C2H4(38)
    C2H5O2(44) <=> OH(8) + C2H4O1-2(50)
    C2H4O2H(49) <=> OH(8) + C2H4O1-2(50)
    C2H4O2H(49) <=> HO2(15) + C2H4(38)
    C2H4O2H(49) <=> OH(8) + CH3CHO(47)
    C2H4O1-2(50) <=> HCO(19) + CH3(20)
    C2H4O1-2(50) <=> CH3CHO(47)
    OH(8) + C2H4O1-2(50) <=> H2O(14) + C2H3O1-2(51)
    H(11) + C2H4O1-2(50) <=> H2(13) + C2H3O1-2(51)
    HO2(15) + C2H4O1-2(50) <=> H2O2(16) + C2H3O1-2(51)
    CH3O2(32) + C2H4O1-2(50) <=> CH3O2H(33) + C2H3O1-2(51)
    C2H4O1-2(50) + C2H5O2(44) <=> C2H3O1-2(51) + C2H5O2H(45)
    CH3(20) + C2H4O1-2(50) <=> CH4(21) + C2H3O1-2(51)
    CH3O(30) + C2H4O1-2(50) <=> CH3OH(31) + C2H3O1-2(51)
    C2H3O1-2(51) <=> CH3CO(52)
    C2H3O1-2(51) <=> CH2CHO(53)
    HCO(19) + CH3(20) <=> CH3CHO(47)
    H(11) + CH3CHO(47) <=> H2(13) + CH3CO(52)
    O(12) + CH3CHO(47) <=> OH(8) + CH3CO(52)
    OH(8) + CH3CHO(47) <=> H2O(14) + CH3CO(52)
    O2(6) + CH3CHO(47) <=> HO2(15) + CH3CO(52)
    CH3(20) + CH3CHO(47) <=> CH4(21) + CH3CO(52)
    HO2(15) + CH3CHO(47) <=> H2O2(16) + CH3CO(52)
    CH3O2(32) + CH3CHO(47) <=> CH3O2H(33) + CH3CO(52)
    CH3CO3(54) + CH3CHO(47) <=> CH3CO(52) + CH3CO3H(55)
    OH(8) + CH3CHO(47) <=> HCOOH(42) + CH3(20)
    OH(8) + CH3CHO(47) <=> H2O(14) + CH2CHO(53)
    H(11) + CH3CO(52) <=> H2(13) + CH2CO(56)
    O(12) + CH3CO(52) <=> OH(8) + CH2CO(56)
    CH3(20) + CH3CO(52) <=> CH4(21) + CH2CO(56)
    O2(6) + CH3CO(52) <=> CH3CO3(54)
    HO2(15) + CH3CO3(54) <=> O2(6) + CH3CO3H(55)
    H2O2(16) + CH3CO3(54) <=> HO2(15) + CH3CO3H(55)
    CH4(21) + CH3CO3(54) <=> CH3(20) + CH3CO3H(55)
    CH2O(22) + CH3CO3(54) <=> HCO(19) + CH3CO3H(55)
    CH3CO3(54) + C2H6(43) <=> CH3CO3H(55) + C2H5(35)
    CH3CO3H(55) <=> OH(8) + CH3CO2(57)
    H(11) + CH2CO(56) <=> CH2CHO(53)
    O2(6) + CH2CHO(53) <=> OH(8) + CO(17) + CH2O(22)
    H(11) + CH2CO(56) <=> CO(17) + CH3(20)
    H(11) + CH2CO(56) <=> H2(13) + HCCO(58)
    O(12) + CH2CO(56) <=> CO2(18) + CH2(36)
    O(12) + CH2CO(56) <=> OH(8) + HCCO(58)
    OH(8) + CH2CO(56) <=> H2O(14) + HCCO(58)
    OH(8) + CH2CO(56) <=> CO(17) + CH2OH(34)
    CH2(S)(37) + CH2CO(56) <=> CO(17) + C2H4(38)
    OH(8) + HCCO(58) <=> H2(13) + CO(17) + CO(17)
    H(11) + HCCO(58) <=> CO(17) + CH2(S)(37)
    O(12) + HCCO(58) <=> H(11) + CO(17) + CO(17)
    O2(6) + HCCO(58) <=> OH(8) + CO(17) + CO(17)
    CH(40) + CH2O(22) <=> H(11) + CH2CO(56)
    CH(40) + HCCO(58) <=> CO(17) + C2H2(39)
    H(11) + C2H4(38) <=> H2(13) + C2H3(46)
    O(12) + C2H4(38) <=> HCO(19) + CH3(20)
    O(12) + C2H4(38) <=> H(11) + CH2CHO(53)
    OH(8) + C2H4(38) <=> H2O(14) + C2H3(46)
    CH3(20) + C2H4(38) <=> CH4(21) + C2H3(46)
    O2(6) + C2H4(38) <=> HO2(15) + C2H3(46)
    CH3O(30) + C2H4(38) <=> CH3OH(31) + C2H3(46)
    CH3O2(32) + C2H4(38) <=> CH3O2H(33) + C2H3(46)
    C2H4(38) + C2H5O2(44) <=> C2H3(46) + C2H5O2H(45)
    CH3CO3(54) + C2H4(38) <=> C2H3(46) + CH3CO3H(55)
    CH3O2(32) + C2H4(38) <=> CH3O(30) + C2H4O1-2(50)
    C2H4(38) + C2H5O2(44) <=> C2H4O1-2(50) + C2H5O(48)
    HO2(15) + C2H4(38) <=> OH(8) + C2H4O1-2(50)
    CH(40) + CH4(21) <=> H(11) + C2H4(38)
    O2(6) + C2H3(46) <=> HCO(19) + CH2O(22)
    O2(6) + C2H3(46) <=> HO2(15) + C2H2(39)
    O2(6) + C2H3(46) <=> O(12) + CH2CHO(53)
    CH3(20) + C2H3(46) <=> CH4(21) + C2H2(39)
    H(11) + C2H3(46) <=> H2(13) + C2H2(39)
    OH(8) + C2H3(46) <=> H2O(14) + C2H2(39)
    O2(6) + C2H2(39) <=> OH(8) + HCCO(58)
    O(12) + C2H2(39) <=> OH(8) + C2H(59)
    O(12) + C2H2(39) <=> CO(17) + CH2(36)
    O(12) + C2H2(39) <=> H(11) + HCCO(58)
    OH(8) + C2H2(39) <=> H2O(14) + C2H(59)
    OH(8) + C2H2(39) <=> H(11) + CH2CO(56)
    OH(8) + C2H2(39) <=> CO(17) + CH3(20)
    OH(8) + C2H2(39) <=> H(11) + HCCOH(60)
    H(11) + HCCOH(60) <=> H(11) + CH2CO(56)
    O2(6) + C2H5OH(61) <=> HO2(15) + PC2H4OH(62)
    O2(6) + C2H5OH(61) <=> HO2(15) + SC2H4OH(63)
    OH(8) + C2H5OH(61) <=> H2O(14) + PC2H4OH(62)
    OH(8) + C2H5OH(61) <=> H2O(14) + SC2H4OH(63)
    OH(8) + C2H5OH(61) <=> H2O(14) + C2H5O(48)
    H(11) + C2H5OH(61) <=> H2(13) + PC2H4OH(62)
    H(11) + C2H5OH(61) <=> H2(13) + SC2H4OH(63)
    H(11) + C2H5OH(61) <=> H2(13) + C2H5O(48)
    HO2(15) + C2H5OH(61) <=> H2O2(16) + PC2H4OH(62)
    HO2(15) + C2H5OH(61) <=> H2O2(16) + SC2H4OH(63)
    HO2(15) + C2H5OH(61) <=> H2O2(16) + C2H5O(48)
    CH3O2(32) + C2H5OH(61) <=> CH3O2H(33) + PC2H4OH(62)
    CH3O2(32) + C2H5OH(61) <=> CH3O2H(33) + SC2H4OH(63)
    CH3O2(32) + C2H5OH(61) <=> CH3O2H(33) + C2H5O(48)
    O(12) + C2H5OH(61) <=> OH(8) + PC2H4OH(62)
    O(12) + C2H5OH(61) <=> OH(8) + SC2H4OH(63)
    O(12) + C2H5OH(61) <=> OH(8) + C2H5O(48)
    CH3(20) + C2H5OH(61) <=> CH4(21) + PC2H4OH(62)
    CH3(20) + C2H5OH(61) <=> CH4(21) + SC2H4OH(63)
    CH3(20) + C2H5OH(61) <=> CH4(21) + C2H5O(48)
    C2H5(35) + C2H5OH(61) <=> PC2H4OH(62) + C2H6(43)
    C2H5(35) + C2H5OH(61) <=> SC2H4OH(63) + C2H6(43)
    OH(8) + C2H4(38) <=> PC2H4OH(62)
    SC2H4OH(63) <=> H(11) + CH3CHO(47)
    O2C2H4OH(64) <=> O2(6) + PC2H4OH(62)
    O2C2H4OH(64) <=> OH(8) + CH2O(22) + CH2O(22)
    O2(6) + SC2H4OH(63) <=> HO2(15) + CH3CHO(47)
    OH(8) + CH3COCH3(65) <=> H2O(14) + CH3COCH2(66)
    H(11) + CH3COCH3(65) <=> H2(13) + CH3COCH2(66)
    O(12) + CH3COCH3(65) <=> OH(8) + CH3COCH2(66)
    CH3(20) + CH3COCH3(65) <=> CH4(21) + CH3COCH2(66)
    CH3O(30) + CH3COCH3(65) <=> CH3OH(31) + CH3COCH2(66)
    O2(6) + CH3COCH3(65) <=> HO2(15) + CH3COCH2(66)
    HO2(15) + CH3COCH3(65) <=> H2O2(16) + CH3COCH2(66)
    CH3O2(32) + CH3COCH3(65) <=> CH3O2H(33) + CH3COCH2(66)
    CH3COCH2(66) <=> CH3(20) + CH2CO(56)
    O2(6) + CH3COCH2(66) <=> CH3COCH2O2(67)
    CH3COCH2O2(67) + CH3COCH3(65) <=> CH3COCH2(66) + CH3COCH2O2H(68)
    CH2O(22) + CH3COCH2O2(67) <=> HCO(19) + CH3COCH2O2H(68)
    HO2(15) + CH3COCH2O2(67) <=> O2(6) + CH3COCH2O2H(68)
    CH3COCH2O2H(68) <=> OH(8) + CH3COCH2O(69)
    CH2O(22) + CH3CO(52) <=> CH3COCH2O(69)
    HCO(19) + C2H3(46) <=> C2H3CHO(70)
    H(11) + C2H3CHO(70) <=> H2(13) + C2H3CO(71)
    O(12) + C2H3CHO(70) <=> OH(8) + C2H3CO(71)
    H(11) + C2H3CHO(70) <=> HCO(19) + C2H4(38)
    O(12) + C2H3CHO(70) <=> H(11) + HCO(19) + CH2CO(56)
    OH(8) + C2H3CHO(70) <=> H2O(14) + C2H3CO(71)
    O2(6) + C2H3CHO(70) <=> HO2(15) + C2H3CO(71)
    HO2(15) + C2H3CHO(70) <=> H2O2(16) + C2H3CO(71)
    CH3(20) + C2H3CHO(70) <=> CH4(21) + C2H3CO(71)
    C2H3(46) + C2H3CHO(70) <=> C2H4(38) + C2H3CO(71)
    CH3O(30) + C2H3CHO(70) <=> CH3OH(31) + C2H3CO(71)
    CH3O2(32) + C2H3CHO(70) <=> CH3O2H(33) + C2H3CO(71)
    CO(17) + C2H3(46) <=> C2H3CO(71)
    O2(6) + C2H3CO(71) <=> CO2(18) + CH2CHO(53)
    O(12) + C2H3CO(71) <=> CO2(18) + C2H3(46)
    HCO(19) + C2H5(35) <=> C2H5CHO(72)
    H(11) + C2H5CHO(72) <=> H2(13) + C2H5CO(73)
    O(12) + C2H5CHO(72) <=> OH(8) + C2H5CO(73)
    OH(8) + C2H5CHO(72) <=> H2O(14) + C2H5CO(73)
    CH3(20) + C2H5CHO(72) <=> CH4(21) + C2H5CO(73)
    HO2(15) + C2H5CHO(72) <=> H2O2(16) + C2H5CO(73)
    CH3O(30) + C2H5CHO(72) <=> CH3OH(31) + C2H5CO(73)
    CH3O2(32) + C2H5CHO(72) <=> CH3O2H(33) + C2H5CO(73)
    C2H5(35) + C2H5CHO(72) <=> C2H6(43) + C2H5CO(73)
    C2H5O(48) + C2H5CHO(72) <=> C2H5OH(61) + C2H5CO(73)
    C2H5O2(44) + C2H5CHO(72) <=> C2H5O2H(45) + C2H5CO(73)
    O2(6) + C2H5CHO(72) <=> HO2(15) + C2H5CO(73)
    CH3CO3(54) + C2H5CHO(72) <=> CH3CO3H(55) + C2H5CO(73)
    C2H3(46) + C2H5CHO(72) <=> C2H4(38) + C2H5CO(73)
    CO(17) + C2H5(35) <=> C2H5CO(73)
    OH(8) + CH3OCH3(74) <=> H2O(14) + CH3OCH2(75)
    H(11) + CH3OCH3(74) <=> H2(13) + CH3OCH2(75)
    O(12) + CH3OCH3(74) <=> OH(8) + CH3OCH2(75)
    HO2(15) + CH3OCH3(74) <=> H2O2(16) + CH3OCH2(75)
    CH3O2(32) + CH3OCH3(74) <=> CH3O2H(33) + CH3OCH2(75)
    CH3(20) + CH3OCH3(74) <=> CH4(21) + CH3OCH2(75)
    O2(6) + CH3OCH3(74) <=> HO2(15) + CH3OCH2(75)
    CH3O(30) + CH3OCH3(74) <=> CH3OH(31) + CH3OCH2(75)
    CH3OCH2O2(76) + CH3OCH3(74) <=> CH3OCH2(75) + CH3OCH2O2H(77)
    O2CHO(23) + CH3OCH3(74) <=> HO2CHO(24) + CH3OCH2(75)
    OCHO(25) + CH3OCH3(74) <=> HCOOH(42) + CH3OCH2(75)
    CH3OCH2(75) <=> CH2O(22) + CH3(20)
    CH3O(30) + CH3OCH2(75) <=> CH2O(22) + CH3OCH3(74)
    CH2O(22) + CH3OCH2(75) <=> HCO(19) + CH3OCH3(74)
    CH3CHO(47) + CH3OCH2(75) <=> CH3CO(52) + CH3OCH3(74)
    O2(6) + CH3OCH2(75) <=> CH3OCH2O2(76)
    CH2O(22) + CH3OCH2O2(76) <=> HCO(19) + CH3OCH2O2H(77)
    CH3CHO(47) + CH3OCH2O2(76) <=> CH3CO(52) + CH3OCH2O2H(77)
    CH3OCH2O2(76) + CH3OCH2O2(76) <=> O2(6) + CH3OCH2O(78) + CH3OCH2O(78)
    OH(8) + CH3OCH2O(78) <=> CH3OCH2O2H(77)
    CH2O(22) + CH3O(30) <=> CH3OCH2O(78)
    CH3OCH2O2(76) <=> CH2OCH2O2H(79)
    CH2OCH2O2H(79) <=> OH(8) + CH2O(22) + CH2O(22)
    O2(6) + CH2OCH2O2H(79) <=> O2CH2OCH2O2H(80)
    O2CH2OCH2O2H(80) <=> OH(8) + HO2CH2OCHO(81)
    H(11) + NC3H7(82) <=> C3H8(83)
    H(11) + IC3H7(84) <=> C3H8(83)
    O2(6) + C3H8(83) <=> HO2(15) + IC3H7(84)
    O2(6) + C3H8(83) <=> HO2(15) + NC3H7(82)
    H(11) + C3H8(83) <=> H2(13) + IC3H7(84)
    H(11) + C3H8(83) <=> H2(13) + NC3H7(82)
    O(12) + C3H8(83) <=> OH(8) + IC3H7(84)
    O(12) + C3H8(83) <=> OH(8) + NC3H7(82)
    OH(8) + C3H8(83) <=> H2O(14) + NC3H7(82)
    OH(8) + C3H8(83) <=> H2O(14) + IC3H7(84)
    HO2(15) + C3H8(83) <=> H2O2(16) + IC3H7(84)
    HO2(15) + C3H8(83) <=> H2O2(16) + NC3H7(82)
    CH3(20) + C3H8(83) <=> CH4(21) + IC3H7(84)
    CH3(20) + C3H8(83) <=> CH4(21) + NC3H7(82)
    IC3H7(84) + C3H8(83) <=> NC3H7(82) + C3H8(83)
    C2H3(46) + C3H8(83) <=> C2H4(38) + IC3H7(84)
    C2H3(46) + C3H8(83) <=> C2H4(38) + NC3H7(82)
    C2H5(35) + C3H8(83) <=> C2H6(43) + IC3H7(84)
    C2H5(35) + C3H8(83) <=> C2H6(43) + NC3H7(82)
    C3H5-A(85) + C3H8(83) <=> C3H6(86) + NC3H7(82)
    C3H5-A(85) + C3H8(83) <=> C3H6(86) + IC3H7(84)
    CH3O(30) + C3H8(83) <=> CH3OH(31) + NC3H7(82)
    CH3O(30) + C3H8(83) <=> CH3OH(31) + IC3H7(84)
    CH3O2(32) + C3H8(83) <=> CH3O2H(33) + NC3H7(82)
    CH3O2(32) + C3H8(83) <=> CH3O2H(33) + IC3H7(84)
    C2H5O2(44) + C3H8(83) <=> C2H5O2H(45) + NC3H7(82)
    C2H5O2(44) + C3H8(83) <=> C2H5O2H(45) + IC3H7(84)
    NC3H7O2(87) + C3H8(83) <=> NC3H7(82) + NC3H7O2H(88)
    NC3H7O2(87) + C3H8(83) <=> IC3H7(84) + NC3H7O2H(88)
    IC3H7O2(89) + C3H8(83) <=> NC3H7(82) + IC3H7O2H(90)
    IC3H7O2(89) + C3H8(83) <=> IC3H7(84) + IC3H7O2H(90)
    CH3CO3(54) + C3H8(83) <=> CH3CO3H(55) + IC3H7(84)
    CH3CO3(54) + C3H8(83) <=> CH3CO3H(55) + NC3H7(82)
    O2CHO(23) + C3H8(83) <=> HO2CHO(24) + NC3H7(82)
    O2CHO(23) + C3H8(83) <=> HO2CHO(24) + IC3H7(84)
    H(11) + C3H6(86) <=> IC3H7(84)
    H(11) + IC3H7(84) <=> CH3(20) + C2H5(35)
    O2(6) + IC3H7(84) <=> HO2(15) + C3H6(86)
    OH(8) + IC3H7(84) <=> H2O(14) + C3H6(86)
    O(12) + IC3H7(84) <=> H(11) + CH3COCH3(65)
    O(12) + IC3H7(84) <=> CH3(20) + CH3CHO(47)
    NC3H7(82) <=> CH3(20) + C2H4(38)
    NC3H7(82) <=> H(11) + C3H6(86)
    O2(6) + NC3H7(82) <=> HO2(15) + C3H6(86)
    C2H5CHO(72) + NC3H7(82) <=> C2H5CO(73) + C3H8(83)
    C2H5CHO(72) + IC3H7(84) <=> C2H5CO(73) + C3H8(83)
    C3H5-A(85) + C2H5CHO(72) <=> C2H5CO(73) + C3H6(86)
    C3H6(86) <=> H(11) + C3H5-S(91)
    C3H6(86) <=> H(11) + C3H5-T(92)
    O(12) + C3H6(86) <=> HCO(19) + C2H5(35)
    O(12) + C3H6(86) <=> H(11) + CH3(20) + CH2CO(56)
    O(12) + C3H6(86) <=> H(11) + H(11) + CH3CHCO(93)
    O(12) + C3H6(86) <=> OH(8) + C3H5-A(85)
    O(12) + C3H6(86) <=> OH(8) + C3H5-S(91)
    O(12) + C3H6(86) <=> OH(8) + C3H5-T(92)
    OH(8) + C3H6(86) <=> H2O(14) + C3H5-A(85)
    OH(8) + C3H6(86) <=> H2O(14) + C3H5-S(91)
    OH(8) + C3H6(86) <=> H2O(14) + C3H5-T(92)
    HO2(15) + C3H6(86) <=> H2O2(16) + C3H5-A(85)
    HO2(15) + C3H6(86) <=> H2O2(16) + C3H5-S(91)
    HO2(15) + C3H6(86) <=> H2O2(16) + C3H5-T(92)
    H(11) + C3H6(86) <=> H2(13) + C3H5-A(85)
    H(11) + C3H6(86) <=> H2(13) + C3H5-T(92)
    H(11) + C3H6(86) <=> H2(13) + C3H5-S(91)
    O2(6) + C3H6(86) <=> HO2(15) + C3H5-A(85)
    O2(6) + C3H6(86) <=> HO2(15) + C3H5-S(91)
    O2(6) + C3H6(86) <=> HO2(15) + C3H5-T(92)
    CH3(20) + C3H6(86) <=> CH4(21) + C3H5-A(85)
    CH3(20) + C3H6(86) <=> CH4(21) + C3H5-S(91)
    CH3(20) + C3H6(86) <=> CH4(21) + C3H5-T(92)
    C2H5(35) + C3H6(86) <=> C2H6(43) + C3H5-A(85)
    CH3CO3(54) + C3H6(86) <=> CH3CO3H(55) + C3H5-A(85)
    CH3O2(32) + C3H6(86) <=> CH3O2H(33) + C3H5-A(85)
    HO2(15) + C3H6(86) <=> OH(8) + C3H6O1-2(94)
    C2H5O2(44) + C3H6(86) <=> C2H5O2H(45) + C3H5-A(85)
    C3H6(86) + NC3H7O2(87) <=> C3H5-A(85) + NC3H7O2H(88)
    C3H6(86) + IC3H7O2(89) <=> C3H5-A(85) + IC3H7O2H(90)
    OH(8) + C3H6(86) <=> C3H6OH(95)
    O2(6) + C3H6OH(95) <=> HOC3H6O2(96)
    HOC3H6O2(96) <=> OH(8) + CH2O(22) + CH3CHO(47)
    H(11) + C3H5-A(85) <=> H2(13) + C3H4-A(97)
    O(12) + C3H5-A(85) <=> H(11) + C2H3CHO(70)
    OH(8) + C3H5-A(85) <=> H2O(14) + C3H4-A(97)
    HCO(19) + C3H5-A(85) <=> CO(17) + C3H6(86)
    CH3(20) + C3H5-A(85) <=> CH4(21) + C3H4-A(97)
    CH3O2(32) + C3H5-A(85) <=> CH3O(30) + C3H5O(98)
    C2H5(35) + C3H5-A(85) <=> C2H6(43) + C3H4-A(97)
    C2H5(35) + C3H5-A(85) <=> C2H4(38) + C3H6(86)
    C2H3(46) + C3H5-A(85) <=> C2H4(38) + C3H4-A(97)
    C3H5-A(85) + C3H5-A(85) <=> C3H4-A(97) + C3H6(86)
    HO2(15) + C3H5-A(85) <=> OH(8) + C3H5O(98)
    H(11) + C3H5-S(91) <=> H2(13) + C3H4-P(99)
    O(12) + C3H5-S(91) <=> HCO(19) + C2H4(38)
    OH(8) + C3H5-S(91) <=> H(11) + HCO(19) + C2H4(38)
    O2(6) + C3H5-S(91) <=> HCO(19) + CH3CHO(47)
    HO2(15) + C3H5-S(91) <=> OH(8) + HCO(19) + C2H4(38)
    HCO(19) + C3H5-S(91) <=> CO(17) + C3H6(86)
    CH3(20) + C3H5-S(91) <=> CH4(21) + C3H4-P(99)
    H(11) + C3H5-T(92) <=> H2(13) + C3H4-P(99)
    O(12) + C3H5-T(92) <=> CH3(20) + CH2CO(56)
    OH(8) + C3H5-T(92) <=> H(11) + CH3(20) + CH2CO(56)
    O2(6) + C3H5-T(92) <=> CH2O(22) + CH3CO(52)
    HO2(15) + C3H5-T(92) <=> OH(8) + CH3(20) + CH2CO(56)
    HCO(19) + C3H5-T(92) <=> CO(17) + C3H6(86)
    CH3(20) + C3H5-T(92) <=> CH4(21) + C3H4-P(99)
    H(11) + C3H4-A(97) <=> H2(13) + C3H3(100)
    O(12) + C3H4-A(97) <=> CO(17) + C2H4(38)
    OH(8) + C3H4-A(97) <=> H2O(14) + C3H3(100)
    CH3(20) + C3H4-A(97) <=> CH4(21) + C3H3(100)
    C2H(59) + C3H4-A(97) <=> C2H2(39) + C3H3(100)
    C3H4-A(97) + C3H4-A(97) <=> C3H3(100) + C3H5-A(85)
    C3H4-A(97) + C3H5-A(85) <=> C3H3(100) + C3H6(86)
    H(11) + C3H4-P(99) <=> H2(13) + C3H3(100)
    C3H3(100) + C3H4-P(99) <=> C3H3(100) + C3H4-A(97)
    O(12) + C3H4-P(99) <=> CH3(20) + HCCO(58)
    O(12) + C3H4-P(99) <=> CO(17) + C2H4(38)
    OH(8) + C3H4-P(99) <=> H2O(14) + C3H3(100)
    C2H(59) + C3H4-P(99) <=> C2H2(39) + C3H3(100)
    CH3(20) + C3H4-P(99) <=> CH4(21) + C3H3(100)
    C2H3(46) + C3H4-P(99) <=> C2H4(38) + C3H3(100)
    C3H4-P(99) + C3H5-A(85) <=> C3H3(100) + C3H6(86)
    H(11) + C3H3(100) <=> C3H4-P(99)
    H(11) + C3H3(100) <=> C3H4-A(97)
    H(11) + C3H3(100) <=> H2(13) + C3H2(101)
    O(12) + C3H3(100) <=> CH2O(22) + C2H(59)
    OH(8) + C3H3(100) <=> H2O(14) + C3H2(101)
    O2(6) + C3H3(100) <=> HCO(19) + CH2CO(56)
    HO2(15) + C3H3(100) <=> OH(8) + CO(17) + C2H3(46)
    HO2(15) + C3H3(100) <=> O2(6) + C3H4-A(97)
    HO2(15) + C3H3(100) <=> O2(6) + C3H4-P(99)
    HCO(19) + C3H3(100) <=> CO(17) + C3H4-A(97)
    HCO(19) + C3H3(100) <=> CO(17) + C3H4-P(99)
    HCCO(58) + C3H3(100) <=> CO(17) + C4H4(102)
    CH(40) + C3H3(100) <=> H(11) + C4H3-I(103)
    CH2(36) + C3H3(100) <=> H(11) + C4H4(102)
    C2H(59) + C2H5(35) <=> CH3(20) + C3H3(100)
    H(11) + C3H2(101) <=> C3H3(100)
    O(12) + C3H2(101) <=> CO(17) + C2H2(39)
    OH(8) + C3H2(101) <=> HCO(19) + C2H2(39)
    O2(6) + C3H2(101) <=> H(11) + CO(17) + HCCO(58)
    CH(40) + C3H2(101) <=> H(11) + C4H2(104)
    CH2(36) + C3H2(101) <=> H(11) + C4H3-N(105)
    CH3(20) + C3H2(101) <=> H(11) + C4H4(102)
    HCCO(58) + C3H2(101) <=> CO(17) + C4H3-N(105)
    O2(6) + C3H2(101) <=> HCO(19) + HCCO(58)
    OH(8) + CH3CHCO(93) <=> CO2(18) + C2H5(35)
    OH(8) + CH3CHCO(93) <=> CO(17) + SC2H4OH(63)
    H(11) + CH3CHCO(93) <=> CO(17) + C2H5(35)
    O(12) + CH3CHCO(93) <=> CO(17) + CH3CHO(47)
    HO2(15) + NC3H7(82) <=> OH(8) + NC3H7O(106)
    HO2(15) + IC3H7(84) <=> OH(8) + IC3H7O(107)
    CH3O2(32) + NC3H7(82) <=> CH3O(30) + NC3H7O(106)
    CH3O2(32) + IC3H7(84) <=> CH3O(30) + IC3H7O(107)
    O2(6) + NC3H7(82) <=> NC3H7O2(87)
    O2(6) + IC3H7(84) <=> IC3H7O2(89)
    CH2O(22) + NC3H7O2(87) <=> HCO(19) + NC3H7O2H(88)
    CH3CHO(47) + NC3H7O2(87) <=> CH3CO(52) + NC3H7O2H(88)
    CH2O(22) + IC3H7O2(89) <=> HCO(19) + IC3H7O2H(90)
    CH3CHO(47) + IC3H7O2(89) <=> CH3CO(52) + IC3H7O2H(90)
    HO2(15) + NC3H7O2(87) <=> O2(6) + NC3H7O2H(88)
    HO2(15) + IC3H7O2(89) <=> O2(6) + IC3H7O2H(90)
    C2H4(38) + NC3H7O2(87) <=> C2H3(46) + NC3H7O2H(88)
    C2H4(38) + IC3H7O2(89) <=> C2H3(46) + IC3H7O2H(90)
    CH3OH(31) + NC3H7O2(87) <=> CH2OH(34) + NC3H7O2H(88)
    CH3OH(31) + IC3H7O2(89) <=> CH2OH(34) + IC3H7O2H(90)
    C2H3CHO(70) + NC3H7O2(87) <=> C2H3CO(71) + NC3H7O2H(88)
    C2H3CHO(70) + IC3H7O2(89) <=> C2H3CO(71) + IC3H7O2H(90)
    CH4(21) + NC3H7O2(87) <=> CH3(20) + NC3H7O2H(88)
    CH4(21) + IC3H7O2(89) <=> CH3(20) + IC3H7O2H(90)
    CH3O2(32) + NC3H7O2(87) <=> O2(6) + CH3O(30) + NC3H7O(106)
    CH3O2(32) + IC3H7O2(89) <=> O2(6) + CH3O(30) + IC3H7O(107)
    H2(13) + NC3H7O2(87) <=> H(11) + NC3H7O2H(88)
    H2(13) + IC3H7O2(89) <=> H(11) + IC3H7O2H(90)
    C2H6(43) + IC3H7O2(89) <=> C2H5(35) + IC3H7O2H(90)
    C2H6(43) + NC3H7O2(87) <=> C2H5(35) + NC3H7O2H(88)
    C2H5CHO(72) + IC3H7O2(89) <=> C2H5CO(73) + IC3H7O2H(90)
    C2H5CHO(72) + NC3H7O2(87) <=> C2H5CO(73) + NC3H7O2H(88)
    CH3CO3(54) + IC3H7O2(89) <=> O2(6) + CH3CO2(57) + IC3H7O(107)
    CH3CO3(54) + NC3H7O2(87) <=> O2(6) + CH3CO2(57) + NC3H7O(106)
    C2H5O2(44) + IC3H7O2(89) <=> O2(6) + C2H5O(48) + IC3H7O(107)
    C2H5O2(44) + NC3H7O2(87) <=> O2(6) + C2H5O(48) + NC3H7O(106)
    IC3H7O2(89) + IC3H7O2(89) <=> O2(6) + IC3H7O(107) + IC3H7O(107)
    NC3H7O2(87) + NC3H7O2(87) <=> O2(6) + NC3H7O(106) + NC3H7O(106)
    IC3H7O2(89) + NC3H7O2(87) <=> O2(6) + IC3H7O(107) + NC3H7O(106)
    CH3(20) + IC3H7O2(89) <=> CH3O(30) + IC3H7O(107)
    C2H5(35) + IC3H7O2(89) <=> C2H5O(48) + IC3H7O(107)
    IC3H7(84) + IC3H7O2(89) <=> IC3H7O(107) + IC3H7O(107)
    NC3H7(82) + IC3H7O2(89) <=> IC3H7O(107) + NC3H7O(106)
    C3H5-A(85) + IC3H7O2(89) <=> C3H5O(98) + IC3H7O(107)
    CH3(20) + NC3H7O2(87) <=> CH3O(30) + NC3H7O(106)
    C2H5(35) + NC3H7O2(87) <=> C2H5O(48) + NC3H7O(106)
    IC3H7(84) + NC3H7O2(87) <=> IC3H7O(107) + NC3H7O(106)
    NC3H7(82) + NC3H7O2(87) <=> NC3H7O(106) + NC3H7O(106)
    C3H5-A(85) + NC3H7O2(87) <=> C3H5O(98) + NC3H7O(106)
    NC3H7O2H(88) <=> OH(8) + NC3H7O(106)
    IC3H7O2H(90) <=> OH(8) + IC3H7O(107)
    CH2O(22) + C2H5(35) <=> NC3H7O(106)
    H(11) + C2H5CHO(72) <=> NC3H7O(106)
    CH3(20) + CH3CHO(47) <=> IC3H7O(107)
    H(11) + CH3COCH3(65) <=> IC3H7O(107)
    O2(6) + IC3H7O(107) <=> HO2(15) + CH3COCH3(65)
    NC3H7O2(87) <=> C3H6OOH1-2(108)
    NC3H7O2(87) <=> C3H6OOH1-3(109)
    IC3H7O2(89) <=> C3H6OOH2-1(110)
    IC3H7O2(89) <=> C3H6OOH2-2(111)
    C3H6OOH1-2(108) <=> OH(8) + C3H6O1-2(94)
    C3H6OOH1-3(109) <=> OH(8) + C3H6O1-3(112)
    C3H6OOH2-1(110) <=> OH(8) + C3H6O1-2(94)
    HO2(15) + C3H6(86) <=> C3H6OOH1-2(108)
    HO2(15) + C3H6(86) <=> C3H6OOH2-1(110)
    C3H6OOH1-3(109) <=> OH(8) + CH2O(22) + C2H4(38)
    C3H6OOH2-1(110) <=> CH3(20) + C2H3OOH(113)
    C3H6OOH1-2(108) <=> OH(8) + CH2O(22) + C2H4(38)
    C3H6OOH2-2(111) <=> OH(8) + CH3COCH3(65)
    O2(6) + C3H6OOH1-2(108) <=> C3H6OOH1-2O2(114)
    O2(6) + C3H6OOH1-3(109) <=> C3H6OOH1-3O2(115)
    O2(6) + C3H6OOH2-1(110) <=> C3H6OOH2-1O2(116)
    C3H6OOH1-2O2(114) <=> OH(8) + C3KET12(117)
    C3H6OOH1-3O2(115) <=> OH(8) + C3KET13(118)
    C3H6OOH2-1O2(116) <=> OH(8) + CH3COCH2O2H(68)
    C3H6OOH2-1O2(116) <=> C3H51-2,3OOH(119)
    C3H6OOH1-2O2(114) <=> C3H51-2,3OOH(119)
    C3H51-2,3OOH(119) <=> HO2(15) + AC3H5OOH(120)
    C3H6OOH1-3O2(115) <=> C3H52-1,3OOH(121)
    C3H52-1,3OOH(121) <=> HO2(15) + AC3H5OOH(120)
    C3KET12(117) <=> OH(8) + HCO(19) + CH3CHO(47)
    C3KET13(118) <=> OH(8) + CH2O(22) + CH2CHO(53)
    CH3COCH2O2H(68) <=> OH(8) + CH2O(22) + CH3CO(52)
    OH(8) + C3H5O(98) <=> AC3H5OOH(120)
    C3H5O(98) <=> H(11) + C2H3CHO(70)
    CH2O(22) + C2H3(46) <=> C3H5O(98)
    O2(6) + C3H5O(98) <=> HO2(15) + C2H3CHO(70)
    C2H3OOH(113) <=> OH(8) + CH2CHO(53)
    C3H6O1-2(94) <=> CH2O(22) + C2H4(38)
    OH(8) + C3H6O1-2(94) <=> H2O(14) + CH2O(22) + C2H3(46)
    H(11) + C3H6O1-2(94) <=> H2(13) + CH2O(22) + C2H3(46)
    O(12) + C3H6O1-2(94) <=> OH(8) + CH2O(22) + C2H3(46)
    HO2(15) + C3H6O1-2(94) <=> H2O2(16) + CH2O(22) + C2H3(46)
    CH3O2(32) + C3H6O1-2(94) <=> CH2O(22) + CH3O2H(33) + C2H3(46)
    CH3(20) + C3H6O1-2(94) <=> CH2O(22) + CH4(21) + C2H3(46)
    C3H6O1-3(112) <=> CH2O(22) + C2H4(38)
    OH(8) + C3H6O1-3(112) <=> H2O(14) + CH2O(22) + C2H3(46)
    O(12) + C3H6O1-3(112) <=> OH(8) + CH2O(22) + C2H3(46)
    H(11) + C3H6O1-3(112) <=> H2(13) + CH2O(22) + C2H3(46)
    CH3O2(32) + C3H6O1-3(112) <=> CH2O(22) + CH3O2H(33) + C2H3(46)
    HO2(15) + C3H6O1-3(112) <=> H2O2(16) + CH2O(22) + C2H3(46)
    CH3(20) + C3H6O1-3(112) <=> CH2O(22) + CH4(21) + C2H3(46)
    IC3H7O2(89) <=> HO2(15) + C3H6(86)
    NC3H7O2(87) <=> HO2(15) + C3H6(86)
    H(11) + PC4H9(122) <=> C4H10(123)
    H(11) + SC4H9(124) <=> C4H10(123)
    O2(6) + C4H10(123) <=> HO2(15) + PC4H9(122)
    O2(6) + C4H10(123) <=> HO2(15) + SC4H9(124)
    C3H5-A(85) + C4H10(123) <=> C3H6(86) + PC4H9(122)
    C3H5-A(85) + C4H10(123) <=> C3H6(86) + SC4H9(124)
    C2H5(35) + C4H10(123) <=> C2H6(43) + PC4H9(122)
    C2H5(35) + C4H10(123) <=> C2H6(43) + SC4H9(124)
    C2H3(46) + C4H10(123) <=> C2H4(38) + PC4H9(122)
    C2H3(46) + C4H10(123) <=> C2H4(38) + SC4H9(124)
    CH3(20) + C4H10(123) <=> CH4(21) + PC4H9(122)
    CH3(20) + C4H10(123) <=> CH4(21) + SC4H9(124)
    H(11) + C4H10(123) <=> H2(13) + PC4H9(122)
    H(11) + C4H10(123) <=> H2(13) + SC4H9(124)
    OH(8) + C4H10(123) <=> H2O(14) + PC4H9(122)
    OH(8) + C4H10(123) <=> H2O(14) + SC4H9(124)
    O(12) + C4H10(123) <=> OH(8) + PC4H9(122)
    O(12) + C4H10(123) <=> OH(8) + SC4H9(124)
    HO2(15) + C4H10(123) <=> H2O2(16) + PC4H9(122)
    HO2(15) + C4H10(123) <=> H2O2(16) + SC4H9(124)
    CH3O(30) + C4H10(123) <=> CH3OH(31) + PC4H9(122)
    CH3O(30) + C4H10(123) <=> CH3OH(31) + SC4H9(124)
    C2H5O(48) + C4H10(123) <=> C2H5OH(61) + PC4H9(122)
    C2H5O(48) + C4H10(123) <=> C2H5OH(61) + SC4H9(124)
    PC4H9(122) + C4H10(123) <=> SC4H9(124) + C4H10(123)
    CH3CO3(54) + C4H10(123) <=> CH3CO3H(55) + PC4H9(122)
    CH3CO3(54) + C4H10(123) <=> CH3CO3H(55) + SC4H9(124)
    O2CHO(23) + C4H10(123) <=> HO2CHO(24) + PC4H9(122)
    O2CHO(23) + C4H10(123) <=> HO2CHO(24) + SC4H9(124)
    CH3O2(32) + C4H10(123) <=> CH3O2H(33) + PC4H9(122)
    CH3O2(32) + C4H10(123) <=> CH3O2H(33) + SC4H9(124)
    C2H5O2(44) + C4H10(123) <=> C2H5O2H(45) + PC4H9(122)
    C2H5O2(44) + C4H10(123) <=> C2H5O2H(45) + SC4H9(124)
    NC3H7O2(87) + C4H10(123) <=> NC3H7O2H(88) + PC4H9(122)
    NC3H7O2(87) + C4H10(123) <=> NC3H7O2H(88) + SC4H9(124)
    IC3H7O2(89) + C4H10(123) <=> IC3H7O2H(90) + PC4H9(122)
    IC3H7O2(89) + C4H10(123) <=> IC3H7O2H(90) + SC4H9(124)
    C3H8(83) + PC4H9O2(125) <=> NC3H7(82) + PC4H9O2H(126)
    C3H8(83) + PC4H9O2(125) <=> IC3H7(84) + PC4H9O2H(126)
    PC4H9O2(125) + C4H10(123) <=> PC4H9(122) + PC4H9O2H(126)
    PC4H9O2(125) + C4H10(123) <=> SC4H9(124) + PC4H9O2H(126)
    C3H8(83) + SC4H9O2(127) <=> NC3H7(82) + SC4H9O2H(128)
    C3H8(83) + SC4H9O2(127) <=> IC3H7(84) + SC4H9O2H(128)
    SC4H9O2(127) + C4H10(123) <=> PC4H9(122) + SC4H9O2H(128)
    SC4H9O2(127) + C4H10(123) <=> SC4H9(124) + SC4H9O2H(128)
    C2H4(38) + C2H5(35) <=> PC4H9(122)
    CH3(20) + C3H6(86) <=> SC4H9(124)
    H(11) + C4H8-1(129) <=> PC4H9(122)
    H(11) + C4H8-2(130) <=> SC4H9(124)
    H(11) + C4H8-1(129) <=> SC4H9(124)
    O2(6) + PC4H9(122) <=> HO2(15) + C4H8-1(129)
    O2(6) + SC4H9(124) <=> HO2(15) + C4H8-1(129)
    O2(6) + SC4H9(124) <=> HO2(15) + C4H8-2(130)
    C2H3(46) + C2H5(35) <=> C4H8-1(129)
    H(11) + C4H71-3(131) <=> C4H8-1(129)
    O2(6) + C4H8-1(129) <=> HO2(15) + C4H71-3(131)
    H(11) + C4H8-1(129) <=> H2(13) + C4H71-1(132)
    H(11) + C4H8-1(129) <=> H2(13) + C4H71-2(133)
    H(11) + C4H8-1(129) <=> H2(13) + C4H71-3(131)
    H(11) + C4H8-1(129) <=> H2(13) + C4H71-4(134)
    OH(8) + C4H8-1(129) <=> H2O(14) + C4H71-1(132)
    OH(8) + C4H8-1(129) <=> H2O(14) + C4H71-2(133)
    OH(8) + C4H8-1(129) <=> H2O(14) + C4H71-3(131)
    OH(8) + C4H8-1(129) <=> H2O(14) + C4H71-4(134)
    CH3(20) + C4H8-1(129) <=> CH4(21) + C4H71-3(131)
    CH3(20) + C4H8-1(129) <=> CH4(21) + C4H71-4(134)
    HO2(15) + C4H8-1(129) <=> H2O2(16) + C4H71-3(131)
    HO2(15) + C4H8-1(129) <=> H2O2(16) + C4H71-4(134)
    CH3O2(32) + C4H8-1(129) <=> CH3O2H(33) + C4H71-3(131)
    CH3O2(32) + C4H8-1(129) <=> CH3O2H(33) + C4H71-4(134)
    CH3O(30) + C4H8-1(129) <=> CH3OH(31) + C4H71-3(131)
    CH3O(30) + C4H8-1(129) <=> CH3OH(31) + C4H71-4(134)
    CH3CO3(54) + C4H8-1(129) <=> CH3CO3H(55) + C4H71-3(131)
    C3H5-A(85) + C4H8-1(129) <=> C3H6(86) + C4H71-3(131)
    C4H71-3(131) + C4H71-3(131) <=> C4H6(135) + C4H8-1(129)
    C2H5O2(44) + C4H8-1(129) <=> C2H5O2H(45) + C4H71-3(131)
    NC3H7O2(87) + C4H8-1(129) <=> NC3H7O2H(88) + C4H71-3(131)
    IC3H7O2(89) + C4H8-1(129) <=> IC3H7O2H(90) + C4H71-3(131)
    C4H8-1(129) + PC4H9O2(125) <=> C4H71-3(131) + PC4H9O2H(126)
    C4H8-1(129) + SC4H9O2(127) <=> C4H71-3(131) + SC4H9O2H(128)
    CH3O2(32) + C4H8-1(129) <=> CH3O(30) + C4H8O1-2(136)
    H(11) + C4H71-3(131) <=> C4H8-2(130)
    O2(6) + C4H8-2(130) <=> HO2(15) + C4H71-3(131)
    H(11) + C4H8-2(130) <=> H2(13) + C4H71-3(131)
    OH(8) + C4H8-2(130) <=> H2O(14) + C4H71-3(131)
    CH3(20) + C4H8-2(130) <=> CH4(21) + C4H71-3(131)
    HO2(15) + C4H8-2(130) <=> H2O2(16) + C4H71-3(131)
    CH3O2(32) + C4H8-2(130) <=> CH3O2H(33) + C4H71-3(131)
    CH3O(30) + C4H8-2(130) <=> CH3OH(31) + C4H71-3(131)
    C2H5O2(44) + C4H8-2(130) <=> C2H5O2H(45) + C4H71-3(131)
    NC3H7O2(87) + C4H8-2(130) <=> NC3H7O2H(88) + C4H71-3(131)
    IC3H7O2(89) + C4H8-2(130) <=> IC3H7O2H(90) + C4H71-3(131)
    C4H8-2(130) + PC4H9O2(125) <=> C4H71-3(131) + PC4H9O2H(126)
    C4H8-2(130) + SC4H9O2(127) <=> C4H71-3(131) + SC4H9O2H(128)
    HO2(15) + C4H8-1(129) <=> OH(8) + C4H8O1-2(136)
    HO2(15) + C4H8-2(130) <=> OH(8) + C4H8O2-3(137)
    CH3O2(32) + C4H8-2(130) <=> CH3O(30) + C4H8O2-3(137)
    OH(8) + C4H8-1(129) <=> C4H8OH-1(138)
    OH(8) + C4H8-2(130) <=> C4H8OH-2(139)
    O2(6) + C4H8OH-1(138) <=> C4H8OH-1O2(140)
    O2(6) + C4H8OH-2(139) <=> C4H8OH-2O2(141)
    C4H8OH-1O2(140) <=> OH(8) + CH2O(22) + C2H5CHO(72)
    C4H8OH-2O2(141) <=> OH(8) + CH3CHO(47) + CH3CHO(47)
    C2H2(39) + C2H5(35) <=> C4H71-1(132)
    CH3(20) + C3H4-A(97) <=> C4H71-2(133)
    C2H3(46) + C2H4(38) <=> C4H71-4(134)
    CH3(20) + C3H4-P(99) <=> C4H72-2(142)
    H(11) + C4H6(135) <=> C4H71-3(131)
    C2H5(35) + C4H71-3(131) <=> C2H4(38) + C4H8-1(129)
    CH3O(30) + C4H71-3(131) <=> CH2O(22) + C4H8-1(129)
    O(12) + C4H71-3(131) <=> CH3(20) + C2H3CHO(70)
    HO2(15) + C4H71-3(131) <=> OH(8) + C4H7O(143)
    CH3O2(32) + C4H71-3(131) <=> CH3O(30) + C4H7O(143)
    C3H5-A(85) + C4H71-3(131) <=> C3H6(86) + C4H6(135)
    O2(6) + C4H71-3(131) <=> HO2(15) + C4H6(135)
    H(11) + C4H71-3(131) <=> H2(13) + C4H6(135)
    C2H5(35) + C4H71-3(131) <=> C2H6(43) + C4H6(135)
    C2H3(46) + C4H71-3(131) <=> C2H4(38) + C4H6(135)
    C2H5O2(44) + C4H71-3(131) <=> C2H5O(48) + C4H7O(143)
    IC3H7O2(89) + C4H71-3(131) <=> IC3H7O(107) + C4H7O(143)
    NC3H7O2(87) + C4H71-3(131) <=> NC3H7O(106) + C4H7O(143)
    C4H7O(143) <=> C2H3(46) + CH3CHO(47)
    C4H7O(143) <=> CH3(20) + C2H3CHO(70)
    C4H6(135) <=> H(11) + C4H5-I(144)
    C4H6(135) <=> H(11) + C4H5-N(145)
    C4H6(135) <=> H2(13) + C4H4(102)
    H(11) + C4H6(135) <=> H2(13) + C4H5-N(145)
    H(11) + C4H6(135) <=> H2(13) + C4H5-I(144)
    H(11) + C4H6(135) <=> CH3(20) + C3H4-P(99)
    H(11) + C4H6(135) <=> CH3(20) + C3H4-A(97)
    O(12) + C4H6(135) <=> OH(8) + C4H5-N(145)
    O(12) + C4H6(135) <=> OH(8) + C4H5-I(144)
    O(12) + C4H6(135) <=> H(11) + CH3CHCHCO(146)
    O(12) + C4H6(135) <=> H(11) + CH2CHCHCHO(147)
    OH(8) + C4H6(135) <=> H2O(14) + C4H5-N(145)
    OH(8) + C4H6(135) <=> H2O(14) + C4H5-I(144)
    HO2(15) + C4H6(135) <=> OH(8) + C4H6O25(148)
    HO2(15) + C4H6(135) <=> OH(8) + C2H3CHOCH2(149)
    CH3(20) + C4H6(135) <=> CH4(21) + C4H5-N(145)
    CH3(20) + C4H6(135) <=> CH4(21) + C4H5-I(144)
    C2H3(46) + C4H6(135) <=> C2H4(38) + C4H5-N(145)
    C2H3(46) + C4H6(135) <=> C2H4(38) + C4H5-I(144)
    C3H3(100) + C4H6(135) <=> C3H4-A(97) + C4H5-N(145)
    C3H3(100) + C4H6(135) <=> C3H4-A(97) + C4H5-I(144)
    C3H5-A(85) + C4H6(135) <=> C3H6(86) + C4H5-N(145)
    C3H5-A(85) + C4H6(135) <=> C3H6(86) + C4H5-I(144)
    C4H5-N(145) <=> C4H5-I(144)
    H(11) + C4H5-N(145) <=> H(11) + C4H5-I(144)
    H(11) + C4H5-N(145) <=> H2(13) + C4H4(102)
    OH(8) + C4H5-N(145) <=> H2O(14) + C4H4(102)
    HCO(19) + C4H5-N(145) <=> CO(17) + C4H6(135)
    HO2(15) + C4H5-N(145) <=> OH(8) + CH2CO(56) + C2H3(46)
    H2O2(16) + C4H5-N(145) <=> HO2(15) + C4H6(135)
    HO2(15) + C4H5-N(145) <=> O2(6) + C4H6(135)
    O2(6) + C4H5-N(145) <=> O(12) + CH2CHCHCHO(147)
    O2(6) + C4H5-N(145) <=> HCO(19) + C2H3CHO(70)
    H(11) + C4H5-I(144) <=> H2(13) + C4H4(102)
    H(11) + C4H5-I(144) <=> CH3(20) + C3H3(100)
    OH(8) + C4H5-I(144) <=> H2O(14) + C4H4(102)
    HCO(19) + C4H5-I(144) <=> CO(17) + C4H6(135)
    HO2(15) + C4H5-I(144) <=> O2(6) + C4H6(135)
    HO2(15) + C4H5-I(144) <=> OH(8) + CH2CO(56) + C2H3(46)
    H2O2(16) + C4H5-I(144) <=> HO2(15) + C4H6(135)
    O2(6) + C4H5-I(144) <=> CH2CO(56) + CH2CHO(53)
    C4H5-2(150) <=> C4H5-I(144)
    H(11) + C4H5-2(150) <=> H(11) + C4H5-I(144)
    HO2(15) + C4H5-2(150) <=> OH(8) + C2H2(39) + CH3CO(52)
    O2(6) + C4H5-2(150) <=> CH2CO(56) + CH3CO(52)
    C4H612(151) <=> H(11) + C4H5-I(144)
    H(11) + C4H612(151) <=> H(11) + C4H6(135)
    H(11) + C4H612(151) <=> H2(13) + C4H5-I(144)
    H(11) + C4H612(151) <=> CH3(20) + C3H4-A(97)
    H(11) + C4H612(151) <=> CH3(20) + C3H4-P(99)
    CH3(20) + C4H612(151) <=> CH4(21) + C4H5-I(144)
    O(12) + C4H612(151) <=> CH2CO(56) + C2H4(38)
    O(12) + C4H612(151) <=> OH(8) + C4H5-I(144)
    OH(8) + C4H612(151) <=> H2O(14) + C4H5-I(144)
    C4H612(151) <=> C4H6(135)
    C4H6-2(152) <=> C4H6(135)
    C4H6-2(152) <=> C4H612(151)
    H(11) + C4H6-2(152) <=> H(11) + C4H612(151)
    H(11) + C4H6-2(152) <=> H2(13) + C4H5-2(150)
    H(11) + C4H6-2(152) <=> CH3(20) + C3H4-P(99)
    C4H6-2(152) <=> H(11) + C4H5-2(150)
    CH3(20) + C4H6-2(152) <=> CH4(21) + C4H5-2(150)
    C2H3CHOCH2(149) <=> C4H6O23(153)
    C4H6O23(153) <=> CH3CHCHCHO(154)
    C4H6O23(153) <=> CH2CO(56) + C2H4(38)
    C4H6O23(153) <=> C2H2(39) + C2H4O1-2(50)
    C4H6O25(148) <=> H2(13) + C4H4O(155)
    C4H4O(155) <=> CO(17) + C3H4-P(99)
    C4H4O(155) <=> C2H2(39) + CH2CO(56)
    CH3CHCHCHO(154) <=> CO(17) + C3H6(86)
    H(11) + CH3CHCHCHO(154) <=> H2(13) + CH2CHCHCHO(147)
    H(11) + CH3CHCHCHO(154) <=> H2(13) + CH3CHCHCO(146)
    H(11) + CH3CHCHCHO(154) <=> CH3(20) + C2H3CHO(70)
    H(11) + CH3CHCHCHO(154) <=> HCO(19) + C3H6(86)
    CH3(20) + CH3CHCHCHO(154) <=> CH4(21) + CH2CHCHCHO(147)
    CH3(20) + CH3CHCHCHO(154) <=> CH4(21) + CH3CHCHCO(146)
    C2H3(46) + CH3CHCHCHO(154) <=> C2H4(38) + CH2CHCHCHO(147)
    C2H3(46) + CH3CHCHCHO(154) <=> C2H4(38) + CH3CHCHCO(146)
    CH3CHCHCO(146) <=> CO(17) + C3H5-S(91)
    H(11) + CH3CHCHCO(146) <=> CH3CHCHCHO(154)
    CH2CHCHCHO(147) <=> CO(17) + C3H5-A(85)
    H(11) + CH2CHCHCHO(147) <=> CH3CHCHCHO(154)
    H(11) + C6H2(156) <=> C6H3(157)
    H(11) + C6H3(157) <=> C2H2(39) + C4H2(104)
    H(11) + C6H3(157) <=> L-C6H4(158)
    H(11) + C6H3(157) <=> H2(13) + C6H2(156)
    OH(8) + C6H3(157) <=> H2O(14) + C6H2(156)
    O2(6) + C6H3(157) => CO(17) + HCCO(58) + C3H2(101)
    H(11) + L-C6H4(158) <=> H(11) + C-C6H4(159)
    H(11) + L-C6H4(158) <=> H2(13) + C6H3(157)
    OH(8) + L-C6H4(158) <=> H2O(14) + C6H3(157)
    H(11) + C4H4(102) <=> C4H5-N(145)
    H(11) + C4H4(102) <=> C4H5-I(144)
    H(11) + C4H4(102) <=> H2(13) + C4H3-N(105)
    H(11) + C4H4(102) <=> H2(13) + C4H3-I(103)
    OH(8) + C4H4(102) <=> H2O(14) + C4H3-N(105)
    OH(8) + C4H4(102) <=> H2O(14) + C4H3-I(103)
    O(12) + C4H4(102) <=> HCO(19) + C3H3(100)
    C2H(59) + C4H4(102) <=> H(11) + L-C6H4(158)
    C4H3-N(105) <=> C4H3-I(103)
    H(11) + C4H3-N(105) <=> H(11) + C4H3-I(103)
    H(11) + C4H3-N(105) <=> C2H2(39) + H2CC(160)
    H(11) + C4H3-N(105) <=> C4H4(102)
    H(11) + C4H3-N(105) <=> H2(13) + C4H2(104)
    OH(8) + C4H3-N(105) <=> H2O(14) + C4H2(104)
    C2H2(39) + C4H3-N(105) <=> H(11) + L-C6H4(158)
    C2H2(39) + C4H3-N(105) <=> H(11) + C-C6H4(159)
    H(11) + C4H3-I(103) <=> C2H2(39) + H2CC(160)
    H(11) + C4H3-I(103) <=> C4H4(102)
    H(11) + C4H3-I(103) <=> H2(13) + C4H2(104)
    OH(8) + C4H3-I(103) <=> H2O(14) + C4H2(104)
    O2(6) + C4H3-I(103) <=> HCCO(58) + CH2CO(56)
    CH2(36) + C4H3-I(103) <=> C2H(59) + C3H4-A(97)
    H(11) + C4H2(104) <=> C4H3-N(105)
    H(11) + C4H2(104) <=> C4H3-I(103)
    O(12) + C4H2(104) <=> CO(17) + C3H2(101)
    OH(8) + C4H2(104) <=> H(11) + H2C4O(161)
    C2H(59) + C4H2(104) <=> H(11) + C6H2(156)
    C2H(59) + C4H2(104) <=> C6H3(157)
    H(11) + H2C4O(161) <=> HCCO(58) + C2H2(39)
    OH(8) + H2C4O(161) <=> HCCO(58) + CH2CO(56)
    H(11) + H2CC(160) <=> H(11) + C2H2(39)
    OH(8) + H2CC(160) <=> H(11) + CH2CO(56)
    O2(6) + H2CC(160) <=> HCO(19) + HCO(19)
    H2CC(160) + C2H4(38) <=> C4H6(135)
    OH(8) + C4H8O1-2(136) <=> H2O(14) + CH2O(22) + C3H5-A(85)
    H(11) + C4H8O1-2(136) <=> H2(13) + CH2O(22) + C3H5-A(85)
    O(12) + C4H8O1-2(136) <=> OH(8) + CH2O(22) + C3H5-A(85)
    HO2(15) + C4H8O1-2(136) <=> H2O2(16) + CH2O(22) + C3H5-A(85)
    CH3O2(32) + C4H8O1-2(136) <=> CH2O(22) + CH3O2H(33) + C3H5-A(85)
    CH3(20) + C4H8O1-2(136) <=> CH2O(22) + CH4(21) + C3H5-A(85)
    OH(8) + C4H8O1-3(162) <=> H2O(14) + CH2O(22) + C3H5-A(85)
    H(11) + C4H8O1-3(162) <=> H2(13) + CH2O(22) + C3H5-A(85)
    O(12) + C4H8O1-3(162) <=> OH(8) + CH2O(22) + C3H5-A(85)
    HO2(15) + C4H8O1-3(162) <=> H2O2(16) + CH2O(22) + C3H5-A(85)
    CH3O2(32) + C4H8O1-3(162) <=> CH2O(22) + CH3O2H(33) + C3H5-A(85)
    CH3(20) + C4H8O1-3(162) <=> CH2O(22) + CH4(21) + C3H5-A(85)
    OH(8) + C4H8O1-4(163) <=> H2O(14) + CH2O(22) + C3H5-A(85)
    H(11) + C4H8O1-4(163) <=> H2(13) + CH2O(22) + C3H5-A(85)
    O(12) + C4H8O1-4(163) <=> OH(8) + CH2O(22) + C3H5-A(85)
    HO2(15) + C4H8O1-4(163) <=> H2O2(16) + CH2O(22) + C3H5-A(85)
    CH3O2(32) + C4H8O1-4(163) <=> CH2O(22) + CH3O2H(33) + C3H5-A(85)
    CH3(20) + C4H8O1-4(163) <=> CH2O(22) + CH4(21) + C3H5-A(85)
    OH(8) + C4H8O2-3(137) <=> H2O(14) + CH2O(22) + C3H5-A(85)
    H(11) + C4H8O2-3(137) <=> H2(13) + CH2O(22) + C3H5-A(85)
    O(12) + C4H8O2-3(137) <=> OH(8) + CH2O(22) + C3H5-A(85)
    HO2(15) + C4H8O2-3(137) <=> H2O2(16) + CH2O(22) + C3H5-A(85)
    CH3O2(32) + C4H8O2-3(137) <=> CH2O(22) + CH3O2H(33) + C3H5-A(85)
    CH3(20) + C4H8O2-3(137) <=> CH2O(22) + CH4(21) + C3H5-A(85)
    O2(6) + PC4H9(122) <=> PC4H9O2(125)
    O2(6) + SC4H9(124) <=> SC4H9O2(127)
    CH2O(22) + SC4H9O2(127) <=> HCO(19) + SC4H9O2H(128)
    CH3CHO(47) + SC4H9O2(127) <=> CH3CO(52) + SC4H9O2H(128)
    HO2(15) + SC4H9O2(127) <=> O2(6) + SC4H9O2H(128)
    IC3H7O2(89) + PC4H9(122) <=> IC3H7O(107) + PC4H9O(164)
    IC3H7O2(89) + SC4H9(124) <=> IC3H7O(107) + SC4H9O(165)
    NC3H7O2(87) + PC4H9(122) <=> NC3H7O(106) + PC4H9O(164)
    NC3H7O2(87) + SC4H9(124) <=> NC3H7O(106) + SC4H9O(165)
    SC4H9O2(127) + SC4H9O2(127) <=> O2(6) + SC4H9O(165) + SC4H9O(165)
    NC3H7O2(87) + SC4H9O2(127) <=> O2(6) + NC3H7O(106) + SC4H9O(165)
    IC3H7O2(89) + SC4H9O2(127) <=> O2(6) + IC3H7O(107) + SC4H9O(165)
    C2H5O2(44) + SC4H9O2(127) <=> O2(6) + C2H5O(48) + SC4H9O(165)
    CH3O2(32) + SC4H9O2(127) <=> O2(6) + CH3O(30) + SC4H9O(165)
    CH3CO3(54) + SC4H9O2(127) <=> O2(6) + CH3CO2(57) + SC4H9O(165)
    HO2(15) + PC4H9O2(125) <=> O2(6) + OH(8) + PC4H9O(164)
    HO2(15) + SC4H9O2(127) <=> O2(6) + OH(8) + SC4H9O(165)
    H2(13) + PC4H9O2(125) <=> H(11) + PC4H9O2H(126)
    H2(13) + SC4H9O2(127) <=> H(11) + SC4H9O2H(128)
    C2H6(43) + PC4H9O2(125) <=> C2H5(35) + PC4H9O2H(126)
    C2H6(43) + SC4H9O2(127) <=> C2H5(35) + SC4H9O2H(128)
    C2H5CHO(72) + PC4H9O2(125) <=> C2H5CO(73) + PC4H9O2H(126)
    C2H5CHO(72) + SC4H9O2(127) <=> C2H5CO(73) + SC4H9O2H(128)
    CH3(20) + SC4H9O2(127) <=> CH3O(30) + SC4H9O(165)
    C2H5(35) + SC4H9O2(127) <=> C2H5O(48) + SC4H9O(165)
    IC3H7(84) + SC4H9O2(127) <=> IC3H7O(107) + SC4H9O(165)
    NC3H7(82) + SC4H9O2(127) <=> NC3H7O(106) + SC4H9O(165)
    PC4H9(122) + SC4H9O2(127) <=> PC4H9O(164) + SC4H9O(165)
    SC4H9(124) + SC4H9O2(127) <=> SC4H9O(165) + SC4H9O(165)
    C3H5-A(85) + SC4H9O2(127) <=> C3H5O(98) + SC4H9O(165)
    CH2O(22) + PC4H9O2(125) <=> HCO(19) + PC4H9O2H(126)
    CH3CHO(47) + PC4H9O2(125) <=> CH3CO(52) + PC4H9O2H(126)
    HO2(15) + PC4H9O2(125) <=> O2(6) + PC4H9O2H(126)
    C3H6(86) + PC4H9O2(125) <=> C3H5-A(85) + PC4H9O2H(126)
    C3H6(86) + SC4H9O2(127) <=> C3H5-A(85) + SC4H9O2H(128)
    C2H4(38) + PC4H9O2(125) <=> C2H3(46) + PC4H9O2H(126)
    C2H4(38) + SC4H9O2(127) <=> C2H3(46) + SC4H9O2H(128)
    CH3OH(31) + PC4H9O2(125) <=> CH2OH(34) + PC4H9O2H(126)
    CH3OH(31) + SC4H9O2(127) <=> CH2OH(34) + SC4H9O2H(128)
    C2H3CHO(70) + PC4H9O2(125) <=> C2H3CO(71) + PC4H9O2H(126)
    C2H3CHO(70) + SC4H9O2(127) <=> C2H3CO(71) + SC4H9O2H(128)
    CH4(21) + PC4H9O2(125) <=> CH3(20) + PC4H9O2H(126)
    CH4(21) + SC4H9O2(127) <=> CH3(20) + SC4H9O2H(128)
    C4H71-3(131) + PC4H9O2(125) <=> C4H7O(143) + PC4H9O(164)
    C4H71-3(131) + SC4H9O2(127) <=> C4H7O(143) + SC4H9O(165)
    H2O2(16) + PC4H9O2(125) <=> HO2(15) + PC4H9O2H(126)
    H2O2(16) + SC4H9O2(127) <=> HO2(15) + SC4H9O2H(128)
    PC4H9O2(125) + PC4H9O2(125) <=> O2(6) + PC4H9O(164) + PC4H9O(164)
    PC4H9O2(125) + SC4H9O2(127) <=> O2(6) + PC4H9O(164) + SC4H9O(165)
    NC3H7O2(87) + PC4H9O2(125) <=> O2(6) + NC3H7O(106) + PC4H9O(164)
    IC3H7O2(89) + PC4H9O2(125) <=> O2(6) + IC3H7O(107) + PC4H9O(164)
    C2H5O2(44) + PC4H9O2(125) <=> O2(6) + C2H5O(48) + PC4H9O(164)
    CH3O2(32) + PC4H9O2(125) <=> O2(6) + CH3O(30) + PC4H9O(164)
    CH3CO3(54) + PC4H9O2(125) <=> O2(6) + CH3CO2(57) + PC4H9O(164)
    CH3(20) + PC4H9O2(125) <=> CH3O(30) + PC4H9O(164)
    C2H5(35) + PC4H9O2(125) <=> C2H5O(48) + PC4H9O(164)
    IC3H7(84) + PC4H9O2(125) <=> IC3H7O(107) + PC4H9O(164)
    NC3H7(82) + PC4H9O2(125) <=> NC3H7O(106) + PC4H9O(164)
    PC4H9(122) + PC4H9O2(125) <=> PC4H9O(164) + PC4H9O(164)
    SC4H9(124) + PC4H9O2(125) <=> PC4H9O(164) + SC4H9O(165)
    C3H5-A(85) + PC4H9O2(125) <=> C3H5O(98) + PC4H9O(164)
    HO2(15) + PC4H9(122) <=> OH(8) + PC4H9O(164)
    HO2(15) + SC4H9(124) <=> OH(8) + SC4H9O(165)
    CH3O2(32) + PC4H9(122) <=> CH3O(30) + PC4H9O(164)
    CH3O2(32) + SC4H9(124) <=> CH3O(30) + SC4H9O(165)
    PC4H9O2H(126) <=> OH(8) + PC4H9O(164)
    SC4H9O2H(128) <=> OH(8) + SC4H9O(165)
    CH2O(22) + NC3H7(82) <=> PC4H9O(164)
    CH3(20) + C2H5CHO(72) <=> SC4H9O(165)
    CH3CHO(47) + C2H5(35) <=> SC4H9O(165)
    PC4H9O2(125) <=> C4H8OOH1-2(166)
    PC4H9O2(125) <=> C4H8OOH1-3(167)
    PC4H9O2(125) <=> C4H8OOH1-4(168)
    SC4H9O2(127) <=> C4H8OOH2-1(169)
    SC4H9O2(127) <=> C4H8OOH2-3(170)
    SC4H9O2(127) <=> C4H8OOH2-4(171)
    PC4H9O2(125) <=> HO2(15) + C4H8-1(129)
    SC4H9O2(127) <=> HO2(15) + C4H8-1(129)
    SC4H9O2(127) <=> HO2(15) + C4H8-2(130)
    HO2(15) + C4H8-1(129) <=> C4H8OOH1-2(166)
    HO2(15) + C4H8-1(129) <=> C4H8OOH2-1(169)
    HO2(15) + C4H8-2(130) <=> C4H8OOH2-3(170)
    C4H8OOH1-2(166) <=> OH(8) + C4H8O1-2(136)
    C4H8OOH1-3(167) <=> OH(8) + C4H8O1-3(162)
    C4H8OOH1-4(168) <=> OH(8) + C4H8O1-4(163)
    C4H8OOH2-1(169) <=> OH(8) + C4H8O1-2(136)
    C4H8OOH2-3(170) <=> OH(8) + C4H8O2-3(137)
    C4H8OOH2-4(171) <=> OH(8) + C4H8O1-3(162)
    C4H8OOH1-1(172) <=> OH(8) + NC3H7CHO(173)
    C4H8OOH2-2(174) <=> OH(8) + C2H5COCH3(175)
    C4H8OOH1-3(167) <=> OH(8) + CH2O(22) + C3H6(86)
    C4H8OOH2-4(171) <=> OH(8) + C2H4(38) + CH3CHO(47)
    O2(6) + C4H8OOH1-2(166) <=> C4H8OOH1-2O2(176)
    O2(6) + C4H8OOH1-3(167) <=> C4H8OOH1-3O2(177)
    O2(6) + C4H8OOH1-4(168) <=> C4H8OOH1-4O2(178)
    O2(6) + C4H8OOH2-1(169) <=> C4H8OOH2-1O2(179)
    O2(6) + C4H8OOH2-3(170) <=> C4H8OOH2-3O2(180)
    O2(6) + C4H8OOH2-4(171) <=> C4H8OOH2-4O2(181)
    C4H8OOH1-2O2(176) <=> OH(8) + NC4KET12(182)
    C4H8OOH1-3O2(177) <=> OH(8) + NC4KET13(183)
    C4H8OOH1-4O2(178) <=> OH(8) + NC4KET14(184)
    C4H8OOH2-1O2(179) <=> OH(8) + NC4KET21(185)
    C4H8OOH2-3O2(180) <=> OH(8) + NC4KET23(186)
    C4H8OOH2-4O2(181) <=> OH(8) + NC4KET24(187)
    NC4KET12(182) <=> OH(8) + HCO(19) + C2H5CHO(72)
    NC4KET13(183) <=> OH(8) + CH2CHO(53) + CH3CHO(47)
    NC4KET14(184) <=> OH(8) + CH2O(22) + CH2CH2CHO(188)
    NC4KET21(185) <=> OH(8) + CH2O(22) + C2H5CO(73)
    NC4KET23(186) <=> OH(8) + CH3CO(52) + CH3CHO(47)
    NC4KET24(187) <=> OH(8) + CH2O(22) + CH3COCH2(66)
    OH(8) + C2H5COCH3(175) <=> H2O(14) + CH2CH2COCH3(189)
    OH(8) + C2H5COCH3(175) <=> H2O(14) + CH3CHCOCH3(190)
    OH(8) + C2H5COCH3(175) <=> H2O(14) + C2H5COCH2(191)
    HO2(15) + C2H5COCH3(175) <=> H2O2(16) + CH2CH2COCH3(189)
    HO2(15) + C2H5COCH3(175) <=> H2O2(16) + CH3CHCOCH3(190)
    HO2(15) + C2H5COCH3(175) <=> H2O2(16) + C2H5COCH2(191)
    O(12) + C2H5COCH3(175) <=> OH(8) + CH2CH2COCH3(189)
    O(12) + C2H5COCH3(175) <=> OH(8) + CH3CHCOCH3(190)
    O(12) + C2H5COCH3(175) <=> OH(8) + C2H5COCH2(191)
    H(11) + C2H5COCH3(175) <=> H2(13) + CH2CH2COCH3(189)
    H(11) + C2H5COCH3(175) <=> H2(13) + CH3CHCOCH3(190)
    H(11) + C2H5COCH3(175) <=> H2(13) + C2H5COCH2(191)
    O2(6) + C2H5COCH3(175) <=> HO2(15) + CH2CH2COCH3(189)
    O2(6) + C2H5COCH3(175) <=> HO2(15) + CH3CHCOCH3(190)
    O2(6) + C2H5COCH3(175) <=> HO2(15) + C2H5COCH2(191)
    CH3(20) + C2H5COCH3(175) <=> CH4(21) + CH2CH2COCH3(189)
    CH3(20) + C2H5COCH3(175) <=> CH4(21) + CH3CHCOCH3(190)
    CH3(20) + C2H5COCH3(175) <=> CH4(21) + C2H5COCH2(191)
    CH3O(30) + C2H5COCH3(175) <=> CH3OH(31) + CH2CH2COCH3(189)
    CH3O(30) + C2H5COCH3(175) <=> CH3OH(31) + CH3CHCOCH3(190)
    CH3O(30) + C2H5COCH3(175) <=> CH3OH(31) + C2H5COCH2(191)
    CH3O2(32) + C2H5COCH3(175) <=> CH3O2H(33) + CH2CH2COCH3(189)
    CH3O2(32) + C2H5COCH3(175) <=> CH3O2H(33) + CH3CHCOCH3(190)
    CH3O2(32) + C2H5COCH3(175) <=> CH3O2H(33) + C2H5COCH2(191)
    C2H3(46) + C2H5COCH3(175) <=> C2H4(38) + CH2CH2COCH3(189)
    C2H3(46) + C2H5COCH3(175) <=> C2H4(38) + CH3CHCOCH3(190)
    C2H3(46) + C2H5COCH3(175) <=> C2H4(38) + C2H5COCH2(191)
    C2H5(35) + C2H5COCH3(175) <=> C2H6(43) + CH2CH2COCH3(189)
    C2H5(35) + C2H5COCH3(175) <=> C2H6(43) + CH3CHCOCH3(190)
    C2H5(35) + C2H5COCH3(175) <=> C2H6(43) + C2H5COCH2(191)
    O2(6) + CH3CHCOCH3(190) <=> CH3CHOOCOCH3(192)
    CH3CHOOCOCH3(192) <=> CH2CHOOHCOCH3(193)
    HO2(15) + C2H3COCH3(194) <=> CH2CHOOHCOCH3(193)
    CH2CH2CHO(188) <=> HCO(19) + C2H4(38)
    CH2CH2COCH3(189) <=> CH3CO(52) + C2H4(38)
    C2H5COCH2(191) <=> CH2CO(56) + C2H5(35)
    H(11) + C2H3COCH3(194) <=> CH3CHCOCH3(190)
    CH3(20) + CH3CHCO(93) <=> CH3CHCOCH3(190)
    O2(6) + NC3H7CHO(173) <=> HO2(15) + NC3H7CO(195)
    OH(8) + NC3H7CHO(173) <=> H2O(14) + NC3H7CO(195)
    H(11) + NC3H7CHO(173) <=> H2(13) + NC3H7CO(195)
    O(12) + NC3H7CHO(173) <=> OH(8) + NC3H7CO(195)
    HO2(15) + NC3H7CHO(173) <=> H2O2(16) + NC3H7CO(195)
    CH3(20) + NC3H7CHO(173) <=> CH4(21) + NC3H7CO(195)
    CH3O(30) + NC3H7CHO(173) <=> CH3OH(31) + NC3H7CO(195)
    CH3O2(32) + NC3H7CHO(173) <=> CH3O2H(33) + NC3H7CO(195)
    OH(8) + NC3H7CHO(173) <=> H2O(14) + C3H6CHO-1(196)
    OH(8) + NC3H7CHO(173) <=> H2O(14) + C3H6CHO-2(197)
    OH(8) + NC3H7CHO(173) <=> H2O(14) + C3H6CHO-3(198)
    HO2(15) + NC3H7CHO(173) <=> H2O2(16) + C3H6CHO-1(196)
    HO2(15) + NC3H7CHO(173) <=> H2O2(16) + C3H6CHO-2(197)
    HO2(15) + NC3H7CHO(173) <=> H2O2(16) + C3H6CHO-3(198)
    CH3O2(32) + NC3H7CHO(173) <=> CH3O2H(33) + C3H6CHO-1(196)
    CH3O2(32) + NC3H7CHO(173) <=> CH3O2H(33) + C3H6CHO-2(197)
    CH3O2(32) + NC3H7CHO(173) <=> CH3O2H(33) + C3H6CHO-3(198)
    NC3H7CO(195) <=> CO(17) + NC3H7(82)
    C3H6CHO-1(196) <=> CH2CHO(53) + C2H4(38)
    H(11) + C2H5CHCO(199) <=> C3H6CHO-3(198)
    CH3(20) + C2H3CHO(70) <=> C3H6CHO-3(198)
    H(11) + SC3H5CHO(200) <=> C3H6CHO-2(197)
    HCO(19) + C3H6(86) <=> C3H6CHO-2(197)
    OH(8) + C2H5CHCO(199) <=> CO2(18) + NC3H7(82)
    H(11) + C2H5CHCO(199) <=> CO(17) + NC3H7(82)
    O(12) + C2H5CHCO(199) <=> CO2(18) + C3H6(86)
    OH(8) + SC3H5CHO(200) <=> H2O(14) + SC3H5CO(201)
    SC3H5CO(201) <=> CO(17) + C3H5-S(91)
    HO2(15) + SC3H5CHO(200) <=> H2O2(16) + SC3H5CO(201)
    CH3(20) + SC3H5CHO(200) <=> CH4(21) + SC3H5CO(201)
    O(12) + SC3H5CHO(200) <=> OH(8) + SC3H5CO(201)
    O2(6) + SC3H5CHO(200) <=> HO2(15) + SC3H5CO(201)
    H(11) + SC3H5CHO(200) <=> H2(13) + SC3H5CO(201)
    OH(8) + C2H3COCH3(194) <=> CH3CO(52) + CH3CHO(47)
    OH(8) + C2H3COCH3(194) <=> H2O(14) + CH2CO(56) + C2H3(46)
    HO2(15) + C2H3COCH3(194) <=> OH(8) + CH2CHO(53) + CH3CO(52)
    HO2(15) + C2H3COCH3(194) <=> H2O2(16) + CH2CO(56) + C2H3(46)
    CH3O2(32) + C2H3COCH3(194) <=> CH3O(30) + CH2CHO(53) + CH3CO(52)
    CH3O2(32) + C2H3COCH3(194) <=> CH3O2H(33) + CH2CO(56) + C2H3(46)
    IC4H10(202) <=> H(11) + TC4H9(203)
    IC4H10(202) <=> H(11) + IC4H9(204)
    H(11) + IC4H10(202) <=> H2(13) + TC4H9(203)
    H(11) + IC4H10(202) <=> H2(13) + IC4H9(204)
    CH3(20) + IC4H10(202) <=> CH4(21) + TC4H9(203)
    CH3(20) + IC4H10(202) <=> CH4(21) + IC4H9(204)
    OH(8) + IC4H10(202) <=> H2O(14) + TC4H9(203)
    OH(8) + IC4H10(202) <=> H2O(14) + IC4H9(204)
    C2H5(35) + IC4H10(202) <=> C2H6(43) + IC4H9(204)
    C2H5(35) + IC4H10(202) <=> C2H6(43) + TC4H9(203)
    HO2(15) + IC4H10(202) <=> H2O2(16) + IC4H9(204)
    HO2(15) + IC4H10(202) <=> H2O2(16) + TC4H9(203)
    O(12) + IC4H10(202) <=> OH(8) + TC4H9(203)
    O(12) + IC4H10(202) <=> OH(8) + IC4H9(204)
    CH3O(30) + IC4H10(202) <=> CH3OH(31) + IC4H9(204)
    CH3O(30) + IC4H10(202) <=> CH3OH(31) + TC4H9(203)
    O2(6) + IC4H10(202) <=> HO2(15) + IC4H9(204)
    O2(6) + IC4H10(202) <=> HO2(15) + TC4H9(203)
    CH3O2(32) + IC4H10(202) <=> CH3O2H(33) + IC4H9(204)
    C2H5O2(44) + IC4H10(202) <=> C2H5O2H(45) + IC4H9(204)
    CH3CO3(54) + IC4H10(202) <=> CH3CO3H(55) + IC4H9(204)
    NC3H7O2(87) + IC4H10(202) <=> NC3H7O2H(88) + IC4H9(204)
    IC3H7O2(89) + IC4H10(202) <=> IC3H7O2H(90) + IC4H9(204)
    IC4H9O2(205) + IC4H10(202) <=> IC4H9(204) + IC4H9O2H(206)
    TC4H9O2(207) + IC4H10(202) <=> IC4H9(204) + TC4H9O2H(208)
    O2CHO(23) + IC4H10(202) <=> HO2CHO(24) + IC4H9(204)
    O2CHO(23) + IC4H10(202) <=> HO2CHO(24) + TC4H9(203)
    SC4H9O2(127) + IC4H10(202) <=> IC4H9(204) + SC4H9O2H(128)
    SC4H9O2(127) + IC4H10(202) <=> TC4H9(203) + SC4H9O2H(128)
    PC4H9O2(125) + IC4H10(202) <=> IC4H9(204) + PC4H9O2H(126)
    PC4H9O2(125) + IC4H10(202) <=> TC4H9(203) + PC4H9O2H(126)
    CH3O2(32) + IC4H10(202) <=> CH3O2H(33) + TC4H9(203)
    C2H5O2(44) + IC4H10(202) <=> C2H5O2H(45) + TC4H9(203)
    CH3CO3(54) + IC4H10(202) <=> CH3CO3H(55) + TC4H9(203)
    NC3H7O2(87) + IC4H10(202) <=> NC3H7O2H(88) + TC4H9(203)
    IC3H7O2(89) + IC4H10(202) <=> IC3H7O2H(90) + TC4H9(203)
    IC4H9O2(205) + IC4H10(202) <=> TC4H9(203) + IC4H9O2H(206)
    TC4H9O2(207) + IC4H10(202) <=> TC4H9(203) + TC4H9O2H(208)
    IC4H9(204) + IC4H10(202) <=> TC4H9(203) + IC4H10(202)
    HO2(15) + IC4H9(204) <=> OH(8) + IC4H9O(209)
    HO2(15) + TC4H9(203) <=> OH(8) + TC4H9O(210)
    CH3O2(32) + IC4H9(204) <=> CH3O(30) + IC4H9O(209)
    CH3O2(32) + TC4H9(203) <=> CH3O(30) + TC4H9O(210)
    IC4H9(204) <=> H(11) + IC4H8(211)
    IC4H9(204) <=> CH3(20) + C3H6(86)
    TC4H9(203) <=> H(11) + IC4H8(211)
    O2(6) + TC4H9(203) <=> HO2(15) + IC4H8(211)
    O2(6) + IC4H9(204) <=> HO2(15) + IC4H8(211)
    NC3H7O2(87) + IC4H9(204) <=> NC3H7O(106) + IC4H9O(209)
    NC3H7O2(87) + TC4H9(203) <=> NC3H7O(106) + TC4H9O(210)
    NC3H7O2(87) + IC4H7(212) <=> NC3H7O(106) + IC4H7O(213)
    IC4H9(204) + SC4H9O2(127) <=> IC4H9O(209) + SC4H9O(165)
    TC4H9(203) + SC4H9O2(127) <=> SC4H9O(165) + TC4H9O(210)
    IC4H9(204) + PC4H9O2(125) <=> IC4H9O(209) + PC4H9O(164)
    TC4H9(203) + PC4H9O2(125) <=> PC4H9O(164) + TC4H9O(210)
    IC4H7(212) + PC4H9O2(125) <=> IC4H7O(213) + PC4H9O(164)
    IC4H7(212) + SC4H9O2(127) <=> IC4H7O(213) + SC4H9O(165)
    O2(6) + IC4H9(204) <=> IC4H9O2(205)
    O2(6) + TC4H9(203) <=> TC4H9O2(207)
    IC4H9O2(205) + C4H10(123) <=> SC4H9(124) + IC4H9O2H(206)
    TC4H9O2(207) + C4H10(123) <=> SC4H9(124) + TC4H9O2H(208)
    IC4H9O2(205) + C4H10(123) <=> PC4H9(122) + IC4H9O2H(206)
    TC4H9O2(207) + C4H10(123) <=> PC4H9(122) + TC4H9O2H(208)
    IC3H7O2(89) + IC4H9(204) <=> IC3H7O(107) + IC4H9O(209)
    IC3H7O2(89) + TC4H9(203) <=> IC3H7O(107) + TC4H9O(210)
    IC3H7O2(89) + IC4H7(212) <=> IC3H7O(107) + IC4H7O(213)
    C3H6(86) + IC4H9O2(205) <=> C3H5-A(85) + IC4H9O2H(206)
    C3H6(86) + TC4H9O2(207) <=> C3H5-A(85) + TC4H9O2H(208)
    IC4H8(211) + IC4H9O2(205) <=> IC4H7(212) + IC4H9O2H(206)
    IC4H8(211) + TC4H9O2(207) <=> IC4H7(212) + TC4H9O2H(208)
    IC4H8(211) + PC4H9O2(125) <=> IC4H7(212) + PC4H9O2H(126)
    IC4H8(211) + SC4H9O2(127) <=> IC4H7(212) + SC4H9O2H(128)
    IC3H7O2(89) + IC4H8(211) <=> IC3H7O2H(90) + IC4H7(212)
    NC3H7O2(87) + IC4H8(211) <=> NC3H7O2H(88) + IC4H7(212)
    C4H8-1(129) + IC4H9O2(205) <=> C4H71-3(131) + IC4H9O2H(206)
    C4H8-1(129) + TC4H9O2(207) <=> C4H71-3(131) + TC4H9O2H(208)
    C4H8-2(130) + IC4H9O2(205) <=> C4H71-3(131) + IC4H9O2H(206)
    C4H8-2(130) + TC4H9O2(207) <=> C4H71-3(131) + TC4H9O2H(208)
    OH(8) + CC4H8O(214) <=> H2O(14) + CH2O(22) + C3H5-A(85)
    H(11) + CC4H8O(214) <=> H2(13) + CH2O(22) + C3H5-A(85)
    O(12) + CC4H8O(214) <=> OH(8) + CH2O(22) + C3H5-A(85)
    HO2(15) + CC4H8O(214) <=> H2O2(16) + CH2O(22) + C3H5-A(85)
    CH3O2(32) + CC4H8O(214) <=> CH2O(22) + CH3O2H(33) + C3H5-A(85)
    CH3(20) + CC4H8O(214) <=> CH2O(22) + CH4(21) + C3H5-A(85)
    C2H4(38) + TC4H9O2(207) <=> C2H3(46) + TC4H9O2H(208)
    CH4(21) + TC4H9O2(207) <=> CH3(20) + TC4H9O2H(208)
    H2(13) + TC4H9O2(207) <=> H(11) + TC4H9O2H(208)
    C2H6(43) + TC4H9O2(207) <=> C2H5(35) + TC4H9O2H(208)
    C3H8(83) + TC4H9O2(207) <=> IC3H7(84) + TC4H9O2H(208)
    C3H8(83) + TC4H9O2(207) <=> NC3H7(82) + TC4H9O2H(208)
    CH3OH(31) + TC4H9O2(207) <=> CH2OH(34) + TC4H9O2H(208)
    C2H5OH(61) + TC4H9O2(207) <=> PC2H4OH(62) + TC4H9O2H(208)
    C2H5OH(61) + TC4H9O2(207) <=> SC2H4OH(63) + TC4H9O2H(208)
    CH3CHO(47) + IC4H9O2(205) <=> CH3CO(52) + IC4H9O2H(206)
    CH3CHO(47) + TC4H9O2(207) <=> CH3CO(52) + TC4H9O2H(208)
    C2H3CHO(70) + IC4H9O2(205) <=> C2H3CO(71) + IC4H9O2H(206)
    C2H3CHO(70) + TC4H9O2(207) <=> C2H3CO(71) + TC4H9O2H(208)
    C2H5CHO(72) + IC4H9O2(205) <=> C2H5CO(73) + IC4H9O2H(206)
    C2H5CHO(72) + TC4H9O2(207) <=> C2H5CO(73) + TC4H9O2H(208)
    HO2(15) + IC4H9O2(205) <=> O2(6) + IC4H9O2H(206)
    HO2(15) + TC4H9O2(207) <=> O2(6) + TC4H9O2H(208)
    H2O2(16) + IC4H9O2(205) <=> HO2(15) + IC4H9O2H(206)
    H2O2(16) + TC4H9O2(207) <=> HO2(15) + TC4H9O2H(208)
    CH2O(22) + IC4H9O2(205) <=> HCO(19) + IC4H9O2H(206)
    CH2O(22) + TC4H9O2(207) <=> HCO(19) + TC4H9O2H(208)
    CH3O2(32) + IC4H9O2(205) <=> O2(6) + CH3O(30) + IC4H9O(209)
    CH3O2(32) + TC4H9O2(207) <=> O2(6) + CH3O(30) + TC4H9O(210)
    C2H5O2(44) + IC4H9O2(205) <=> O2(6) + C2H5O(48) + IC4H9O(209)
    C2H5O2(44) + TC4H9O2(207) <=> O2(6) + C2H5O(48) + TC4H9O(210)
    CH3CO3(54) + IC4H9O2(205) <=> O2(6) + CH3CO2(57) + IC4H9O(209)
    CH3CO3(54) + TC4H9O2(207) <=> O2(6) + CH3CO2(57) + TC4H9O(210)
    IC4H9O2(205) + IC4H9O2(205) <=> O2(6) + IC4H9O(209) + IC4H9O(209)
    IC4H9O2(205) + TC4H9O2(207) <=> O2(6) + IC4H9O(209) + TC4H9O(210)
    TC4H9O2(207) + TC4H9O2(207) <=> O2(6) + TC4H9O(210) + TC4H9O(210)
    IC4H9O2(205) + PC4H9O2(125) <=> O2(6) + IC4H9O(209) + PC4H9O(164)
    PC4H9O2(125) + TC4H9O2(207) <=> O2(6) + PC4H9O(164) + TC4H9O(210)
    IC4H9O2(205) + SC4H9O2(127) <=> O2(6) + IC4H9O(209) + SC4H9O(165)
    SC4H9O2(127) + TC4H9O2(207) <=> O2(6) + SC4H9O(165) + TC4H9O(210)
    NC3H7O2(87) + IC4H9O2(205) <=> O2(6) + NC3H7O(106) + IC4H9O(209)
    NC3H7O2(87) + TC4H9O2(207) <=> O2(6) + NC3H7O(106) + TC4H9O(210)
    IC3H7O2(89) + IC4H9O2(205) <=> O2(6) + IC3H7O(107) + IC4H9O(209)
    IC3H7O2(89) + TC4H9O2(207) <=> O2(6) + IC3H7O(107) + TC4H9O(210)
    HO2(15) + IC4H9O2(205) <=> O2(6) + OH(8) + IC4H9O(209)
    HO2(15) + TC4H9O2(207) <=> O2(6) + OH(8) + TC4H9O(210)
    CH3(20) + IC4H9O2(205) <=> CH3O(30) + IC4H9O(209)
    C2H5(35) + IC4H9O2(205) <=> C2H5O(48) + IC4H9O(209)
    IC3H7(84) + IC4H9O2(205) <=> IC3H7O(107) + IC4H9O(209)
    NC3H7(82) + IC4H9O2(205) <=> NC3H7O(106) + IC4H9O(209)
    PC4H9(122) + IC4H9O2(205) <=> IC4H9O(209) + PC4H9O(164)
    SC4H9(124) + IC4H9O2(205) <=> IC4H9O(209) + SC4H9O(165)
    IC4H9(204) + IC4H9O2(205) <=> IC4H9O(209) + IC4H9O(209)
    TC4H9(203) + IC4H9O2(205) <=> IC4H9O(209) + TC4H9O(210)
    C3H5-A(85) + IC4H9O2(205) <=> C3H5O(98) + IC4H9O(209)
    C4H71-3(131) + IC4H9O2(205) <=> C4H7O(143) + IC4H9O(209)
    IC4H7(212) + IC4H9O2(205) <=> IC4H7O(213) + IC4H9O(209)
    CH3(20) + TC4H9O2(207) <=> CH3O(30) + TC4H9O(210)
    C2H5(35) + TC4H9O2(207) <=> C2H5O(48) + TC4H9O(210)
    IC3H7(84) + TC4H9O2(207) <=> IC3H7O(107) + TC4H9O(210)
    NC3H7(82) + TC4H9O2(207) <=> NC3H7O(106) + TC4H9O(210)
    PC4H9(122) + TC4H9O2(207) <=> PC4H9O(164) + TC4H9O(210)
    SC4H9(124) + TC4H9O2(207) <=> SC4H9O(165) + TC4H9O(210)
    IC4H9(204) + TC4H9O2(207) <=> IC4H9O(209) + TC4H9O(210)
    TC4H9(203) + TC4H9O2(207) <=> TC4H9O(210) + TC4H9O(210)
    C3H5-A(85) + TC4H9O2(207) <=> C3H5O(98) + TC4H9O(210)
    C4H71-3(131) + TC4H9O2(207) <=> C4H7O(143) + TC4H9O(210)
    IC4H7(212) + TC4H9O2(207) <=> IC4H7O(213) + TC4H9O(210)
    C2H4(38) + IC4H9O2(205) <=> C2H3(46) + IC4H9O2H(206)
    CH4(21) + IC4H9O2(205) <=> CH3(20) + IC4H9O2H(206)
    H2(13) + IC4H9O2(205) <=> H(11) + IC4H9O2H(206)
    C2H6(43) + IC4H9O2(205) <=> C2H5(35) + IC4H9O2H(206)
    C3H8(83) + IC4H9O2(205) <=> IC3H7(84) + IC4H9O2H(206)
    C3H8(83) + IC4H9O2(205) <=> NC3H7(82) + IC4H9O2H(206)
    CH3OH(31) + IC4H9O2(205) <=> CH2OH(34) + IC4H9O2H(206)
    C2H5OH(61) + IC4H9O2(205) <=> PC2H4OH(62) + IC4H9O2H(206)
    C2H5OH(61) + IC4H9O2(205) <=> SC2H4OH(63) + IC4H9O2H(206)
    IC4H9O2H(206) <=> OH(8) + IC4H9O(209)
    TC4H9O2H(208) <=> OH(8) + TC4H9O(210)
    HO2(15) + IC4H9O(209) <=> H2O2(16) + IC3H7CHO(215)
    OH(8) + IC4H9O(209) <=> H2O(14) + IC3H7CHO(215)
    CH3(20) + IC4H9O(209) <=> CH4(21) + IC3H7CHO(215)
    O(12) + IC4H9O(209) <=> OH(8) + IC3H7CHO(215)
    H(11) + IC4H9O(209) <=> H2(13) + IC3H7CHO(215)
    IC4H9O(209) <=> H(11) + IC3H7CHO(215)
    IC4H9O(209) <=> CH2O(22) + IC3H7(84)
    CH3(20) + CH3COCH3(65) <=> TC4H9O(210)
    O2(6) + IC4H9O(209) <=> HO2(15) + IC3H7CHO(215)
    O2(6) + TC4H9O(210) <=> HO2(15) + IC4H8O(216)
    IC4H8O(216) <=> IC3H7CHO(215)
    OH(8) + IC4H8O(216) <=> H2O(14) + IC3H6CHO(217)
    H(11) + IC4H8O(216) <=> H2(13) + IC3H6CHO(217)
    HO2(15) + IC4H8O(216) <=> H2O2(16) + IC3H6CHO(217)
    CH3O2(32) + IC4H8O(216) <=> CH3O2H(33) + IC3H6CHO(217)
    CH3(20) + IC4H8O(216) <=> CH4(21) + IC3H6CHO(217)
    O(12) + IC4H8O(216) <=> OH(8) + IC3H6CHO(217)
    H(11) + TC3H6CHO(218) <=> IC3H7CHO(215)
    HCO(19) + IC3H7(84) <=> IC3H7CHO(215)
    HO2(15) + IC3H7CHO(215) <=> H2O2(16) + IC3H7CO(219)
    HO2(15) + IC3H7CHO(215) <=> H2O2(16) + TC3H6CHO(218)
    CH3(20) + IC3H7CHO(215) <=> CH4(21) + IC3H7CO(219)
    O(12) + IC3H7CHO(215) <=> OH(8) + IC3H7CO(219)
    O2(6) + IC3H7CHO(215) <=> HO2(15) + IC3H7CO(219)
    OH(8) + IC3H7CHO(215) <=> H2O(14) + IC3H7CO(219)
    OH(8) + IC3H7CHO(215) <=> H2O(14) + TC3H6CHO(218)
    H(11) + IC3H7CHO(215) <=> H2(13) + IC3H7CO(219)
    OH(8) + IC3H7CHO(215) <=> H2O(14) + IC3H6CHO(217)
    HO2(15) + IC3H7CHO(215) <=> H2O2(16) + IC3H6CHO(217)
    CH3O2(32) + IC3H7CHO(215) <=> CH3O2H(33) + IC3H6CHO(217)
    CO(17) + IC3H7(84) <=> IC3H7CO(219)
    HCO(19) + C3H6(86) <=> IC3H6CHO(217)
    CH3(20) + C2H3CHO(70) <=> IC3H6CHO(217)
    OH(8) + IC4H8(211) <=> IC4H8OH(220)
    O2(6) + IC4H8OH(220) <=> IO2C4H8OH(221)
    IO2C4H8OH(221) <=> OH(8) + CH2O(22) + CH3COCH3(65)
    IC4H9O2(205) <=> IC4H8O2H-I(222)
    TC4H9O2(207) <=> TC4H8O2H-I(223)
    IC4H9O2(205) <=> IC4H8O2H-T(224)
    IC4H9O2(205) <=> HO2(15) + IC4H8(211)
    TC4H9O2(207) <=> HO2(15) + IC4H8(211)
    O2(6) + IC4H8O2H-I(222) <=> IC4H8OOH-IO2(225)
    O2(6) + TC4H8O2H-I(223) <=> TC4H8OOH-IO2(226)
    O2(6) + IC4H8O2H-T(224) <=> IC4H8OOH-TO2(227)
    IC4H8OOH-IO2(225) <=> OH(8) + IC4KETII(228)
    IC4H8OOH-TO2(227) <=> OH(8) + IC4KETIT(229)
    IC4KETII(228) <=> OH(8) + CH2O(22) + C2H5CO(73)
    IC4KETIT(229) <=> OH(8) + HCO(19) + CH3COCH3(65)
    HO2(15) + IC4H8(211) <=> TC4H8O2H-I(223)
    HO2(15) + IC4H8(211) <=> IC4H8O2H-T(224)
    IC4H8O2H-I(222) <=> OH(8) + CC4H8O(214)
    IC4H8O2H-T(224) <=> OH(8) + IC4H8O(216)
    TC4H8O2H-I(223) <=> OH(8) + IC4H8O(216)
    IC4H8O2H-I(222) <=> OH(8) + CH2O(22) + C3H6(86)
    IC4H8(211) <=> CH3(20) + C3H5-T(92)
    IC4H8(211) <=> H(11) + IC4H7(212)
    H(11) + IC4H8(211) <=> CH3(20) + C3H6(86)
    H(11) + IC4H8(211) <=> H2(13) + IC4H7(212)
    O(12) + IC4H8(211) <=> CH3(20) + CH3(20) + CH2CO(56)
    O(12) + IC4H8(211) <=> H(11) + H(11) + IC3H6CO(230)
    O(12) + IC4H8(211) <=> OH(8) + IC4H7(212)
    CH3(20) + IC4H8(211) <=> CH4(21) + IC4H7(212)
    HO2(15) + IC4H8(211) <=> H2O2(16) + IC4H7(212)
    O2CHO(23) + IC4H8(211) <=> HO2CHO(24) + IC4H7(212)
    O2(6) + IC4H8(211) <=> HO2(15) + IC4H7(212)
    C3H5-A(85) + IC4H8(211) <=> C3H6(86) + IC4H7(212)
    C3H5-S(91) + IC4H8(211) <=> C3H6(86) + IC4H7(212)
    C3H5-T(92) + IC4H8(211) <=> C3H6(86) + IC4H7(212)
    OH(8) + IC4H8(211) <=> H2O(14) + IC4H7(212)
    O(12) + IC4H8(211) <=> HCO(19) + IC3H7(84)
    CH3O2(32) + IC4H8(211) <=> CH3O2H(33) + IC4H7(212)
    HO2(15) + IC4H8(211) <=> OH(8) + IC4H8O(216)
    O2(6) + IC4H7(212) <=> OH(8) + IC3H5CHO(231)
    O2(6) + IC4H7(212) <=> CH2O(22) + CH3COCH2(66)
    O2(6) + IC4H7(212) <=> OH(8) + CH2O(22) + C3H4-A(97)
    O(12) + IC4H7(212) <=> H(11) + IC3H5CHO(231)
    IC4H7(212) <=> CH3(20) + C3H4-A(97)
    CH3O2(32) + IC4H7(212) <=> CH3O(30) + IC4H7O(213)
    HO2(15) + IC4H7(212) <=> OH(8) + IC4H7O(213)
    CH2O(22) + C3H5-T(92) <=> IC4H7O(213)
    IC4H7O(213) <=> IC4H6OH(232)
    IC4H7O(213) <=> H(11) + IC3H5CHO(231)
    H2(13) + IC4H6OH(232) <=> H(11) + IC4H7OH(233)
    O2(6) + IC4H7OH(233) <=> HO2(15) + IC4H6OH(232)
    CH2O(22) + IC4H6OH(232) <=> HCO(19) + IC4H7OH(233)
    IC4H6OH(232) + IC4H8(211) <=> IC4H7(212) + IC4H7OH(233)
    H(11) + IC4H6OH(232) <=> IC4H7OH(233)
    H2O2(16) + IC4H6OH(232) <=> HO2(15) + IC4H7OH(233)
    CH2OH(34) + C3H4-A(97) <=> IC4H6OH(232)
    O2(6) + IC4H7O(213) <=> HO2(15) + IC3H5CHO(231)
    HO2(15) + IC4H7O(213) <=> H2O2(16) + IC3H5CHO(231)
    CH3(20) + IC4H7O(213) <=> CH4(21) + IC3H5CHO(231)
    O(12) + IC4H7O(213) <=> OH(8) + IC3H5CHO(231)
    OH(8) + IC4H7O(213) <=> H2O(14) + IC3H5CHO(231)
    H(11) + IC4H7O(213) <=> H2(13) + IC3H5CHO(231)
    OH(8) + IC3H5CHO(231) <=> H2O(14) + IC3H5CO(234)
    HO2(15) + IC3H5CHO(231) <=> H2O2(16) + IC3H5CO(234)
    CH3(20) + IC3H5CHO(231) <=> CH4(21) + IC3H5CO(234)
    O(12) + IC3H5CHO(231) <=> OH(8) + IC3H5CO(234)
    O2(6) + IC3H5CHO(231) <=> HO2(15) + IC3H5CO(234)
    H(11) + IC3H5CHO(231) <=> H2(13) + IC3H5CO(234)
    CO(17) + C3H5-T(92) <=> IC3H5CO(234)
    HO2(15) + TC3H6CHO(218) <=> OH(8) + TC3H6OCHO(235)
    TC3H6OCHO(235) <=> HCO(19) + CH3COCH3(65)
    H(11) + IC3H5CHO(231) <=> TC3H6CHO(218)
    H(11) + IC3H6CO(230) <=> TC3H6CHO(218)
    H2(13) + TC3H6CHO(218) <=> H(11) + IC3H7CHO(215)
    OH(8) + IC4H7O(213) <=> IC4H7OOH(236)
    H(11) + IC4H7O(213) <=> IC4H7OH(233)
    H(11) + IC4H7OH(233) <=> IC4H8OH(220)
    H2(13) + IC4H7O(213) <=> H(11) + IC4H7OH(233)
    OH(8) + IC4H7(212) <=> IC4H7OH(233)
    HCO(19) + IC4H7OH(233) <=> CH2O(22) + IC4H7O(213)
    CH2O(22) + TC3H6CHO(218) <=> HCO(19) + IC3H7CHO(215)
    TC3H6CHO(218) + IC4H8(211) <=> IC4H7(212) + IC3H7CHO(215)
    OH(8) + IC3H6CO(230) <=> CO2(18) + IC3H7(84)
    OH(8) + TC3H6CHO(218) <=> TC3H6OHCHO(237)
    HCO(19) + TC3H6OH(238) <=> TC3H6OHCHO(237)
    H(11) + CH3COCH3(65) <=> TC3H6OH(238)
    H(11) + IC3H5OH(239) <=> TC3H6OH(238)
    OH(8) + C3H5-T(92) <=> IC3H5OH(239)
    O2(6) + TC3H6CHO(218) <=> TC3H6O2CHO(240)
    TC3H6O2CHO(240) <=> IC3H5O2HCHO(241)
    TC3H6O2CHO(240) <=> TC3H6O2HCO(242)
    HO2(15) + IC3H5CHO(231) <=> IC3H5O2HCHO(241)
    TC3H6O2HCO(242) <=> OH(8) + CO(17) + CH3COCH3(65)
    O2(6) + TC3H6OH(238) <=> HO2(15) + CH3COCH3(65)
    OH(8) + IC3H6CO(230) <=> CO(17) + TC3H6OH(238)
    O2(6) + TC3H6CHO(218) <=> HO2(15) + IC3H5CHO(231)
    O2(6) + TC3H6CHO(218) <=> OH(8) + CO(17) + CH3COCH3(65)
    HO2(15) + TC3H6CHO(218) <=> O2(6) + IC3H7CHO(215)
    CH3(20) + TC3H6CHO(218) <=> CH4(21) + IC3H5CHO(231)
    TC4H8CHO(243) <=> CH3(20) + IC3H5CHO(231)
    TC4H8CHO(243) <=> HCO(19) + IC4H8(211)
    O2(6) + TC4H8CHO(243) <=> O2C4H8CHO(244)
    O2C4H8CHO(244) <=> O2HC4H8CO(245)
    CO(17) + IC4H8O2H-T(224) <=> O2HC4H8CO(245)
    IC4H7O(213) + IC4H8(211) <=> IC4H7(212) + IC4H7OH(233)
    HO2(15) + IC4H6OH(232) <=> OH(8) + CH2O(22) + CH2CCH2OH(246)
    CH2CCH2OH(246) + IC4H8(211) <=> C3H5OH(247) + IC4H7(212)
    H2O2(16) + CH2CCH2OH(246) <=> HO2(15) + C3H5OH(247)
    OH(8) + C3H5OH(247) <=> H2O(14) + CH2CCH2OH(246)
    H(11) + C3H5OH(247) <=> H2(13) + CH2CCH2OH(246)
    O2(6) + C3H5OH(247) <=> HO2(15) + CH2CCH2OH(246)
    CH3(20) + C3H5OH(247) <=> CH4(21) + CH2CCH2OH(246)
    CH3(20) + CH2CCH2OH(246) <=> IC4H7OH(233)
    H(11) + CH2CCH2OH(246) <=> C3H5OH(247)
    O2(6) + CH2CCH2OH(246) <=> CO(17) + CH2O(22) + CH2OH(34)
    CH2CCH2OH(246) <=> CH2OH(34) + C2H2(39)
    OH(8) + C3H4-A(97) <=> CH2CCH2OH(246)
    H(11) + CH2OCHO(248) <=> CH3OCHO(249)
    H(11) + CH3OCO(250) <=> CH3OCHO(249)
    H(11) + CH3OCHO(249) <=> H2(13) + CH2OCHO(248)
    OH(8) + CH3OCHO(249) <=> H2O(14) + CH2OCHO(248)
    CH3(20) + CH3OCHO(249) <=> CH4(21) + CH2OCHO(248)
    HO2(15) + CH3OCHO(249) <=> H2O2(16) + CH2OCHO(248)
    CH3O2(32) + CH3OCHO(249) <=> CH3O2H(33) + CH2OCHO(248)
    CH3O(30) + CH3OCHO(249) <=> CH3OH(31) + CH2OCHO(248)
    O(12) + CH3OCHO(249) <=> OH(8) + CH2OCHO(248)
    O2(6) + CH3OCHO(249) <=> HO2(15) + CH2OCHO(248)
    HCO(19) + CH3OCHO(249) <=> CH2O(22) + CH2OCHO(248)
    CH3OCHO(249) + C2H5(35) <=> CH2OCHO(248) + C2H6(43)
    C2H3(46) + CH3OCHO(249) <=> CH2OCHO(248) + C2H4(38)
    OCHO(25) + CH3OCHO(249) <=> HCOOH(42) + CH2OCHO(248)
    H(11) + CH3OCHO(249) <=> H2(13) + CH3OCO(250)
    OH(8) + CH3OCHO(249) <=> H2O(14) + CH3OCO(250)
    CH3(20) + CH3OCHO(249) <=> CH4(21) + CH3OCO(250)
    CH3O2(32) + CH3OCHO(249) <=> CH3O2H(33) + CH3OCO(250)
    HO2(15) + CH3OCHO(249) <=> H2O2(16) + CH3OCO(250)
    CH3O(30) + CH3OCHO(249) <=> CH3OH(31) + CH3OCO(250)
    O(12) + CH3OCHO(249) <=> OH(8) + CH3OCO(250)
    O2(6) + CH3OCHO(249) <=> HO2(15) + CH3OCO(250)
    HCO(19) + CH3OCHO(249) <=> CH2O(22) + CH3OCO(250)
    CH3OCHO(249) + C2H5(35) <=> CH3OCO(250) + C2H6(43)
    C2H3(46) + CH3OCHO(249) <=> CH3OCO(250) + C2H4(38)
    OCHO(25) + CH3OCHO(249) <=> HCOOH(42) + CH3OCO(250)
    CH3OCO(250) + CH3OCHO(249) <=> CH2OCHO(248) + CH3OCHO(249)
    CO2(18) + CH3(20) <=> CH3OCO(250)
    CO(17) + CH3O(30) <=> CH3OCO(250)
    CH2OCHO(248) <=> CH3OCO(250)
    HCO(19) + CH2O(22) <=> CH2OCHO(248)
    OCH2OCHO(251) <=> HOCH2OCO(252)
    HOCH2OCO(252) <=> CO(17) + HOCH2O(29)
    HOCH2OCO(252) <=> CO2(18) + CH2OH(34)
    OCHO(25) + CH2O(22) <=> OCH2OCHO(251)
    HCO(19) + CH3OCO(250) <=> CO(17) + CH3OCHO(249)
    HCO(19) + CH2OCHO(248) <=> CO(17) + CH3OCHO(249)
    HO2(15) + CH3OCO(250) <=> CH3OC*OOOH(253)
    HO2(15) + CH2OCHO(248) <=> HO2CH2OCHO(81)
    OH(8) + CH3OC*OO(254) <=> CH3OC*OOOH(253)
    OH(8) + OCH2OCHO(251) <=> HO2CH2OCHO(81)
    CH3O(30) + CH2OCHO(248) <=> CH3(20) + CH3OC*OO(254)
    CH3O(30) + CH3OCO(250) <=> CH3(20) + OCH2OCHO(251)
    CO2(18) + CH3O(30) <=> CH3OC*OO(254)
    O2(6) + CH3OCO(250) <=> CH3OC*OOO(255)
    O2(6) + CH2OCHO(248) <=> OOCH2OCHO(256)
    OOCH2OCHO(256) <=> HOOCH2OC*O(257)
    CH3OC*OOO(255) <=> CH2OC*OOOH(258)
    CO2(18) + CH2O2H(259) <=> HOOCH2OC*O(257)
    CO(17) + OCH2O2H(26) <=> HOOCH2OC*O(257)
    OH(8) + CH2O(22) <=> CH2O2H(259)
    CH2OC*OOOH(258) => OH(8) + CO2(18) + CH2O(22)
    CH2OC*OOOH(258) => HO2(15) + CO(17) + CH2O(22)
    CH2OC*OOOH(258) => OH(8) + CYOCH2OC*O(260)
    HOOCH2OC*O(257) => OH(8) + CYOCH2OC*O(260)
    O2(6) + CH2OC*OOOH(258) <=> OOCH2OC*OOOH(261)
    O2(6) + HOOCH2OC*O(257) <=> HOOCH2OC*OOO(262)
    HOOCH2OC*OOO(262) <=> OH(8) + O*CHOC*OOOH(263)
    O*CHOC*OOOH(263) => OH(8) + CO2(18) + OCHO(25)
    H(11) + CYOCH2OC*O(260) <=> H2(13) + CHOOCO(264)
    OH(8) + CYOCH2OC*O(260) <=> H2O(14) + CHOOCO(264)
    HO2(15) + CYOCH2OC*O(260) <=> H2O2(16) + CHOOCO(264)
    CO(17) + OCHO(25) <=> CHOOCO(264)
    CO2(18) + HCO(19) <=> CHOOCO(264)
    CH3(20) + CH2OCHO(248) <=> EF(265)
    H(11) + EF(265) <=> H2(13) + EFP(266)
    O2(6) + EF(265) <=> HO2(15) + EFP(266)
    O(12) + EF(265) <=> OH(8) + EFP(266)
    OH(8) + EF(265) <=> H2O(14) + EFP(266)
    HO2(15) + EF(265) <=> H2O2(16) + EFP(266)
    CH3(20) + EF(265) <=> CH4(21) + EFP(266)
    C2H3(46) + EF(265) <=> C2H4(38) + EFP(266)
    C2H5(35) + EF(265) <=> C2H6(43) + EFP(266)
    CH3O(30) + EF(265) <=> CH3OH(31) + EFP(266)
    CH3O2(32) + EF(265) <=> CH3O2H(33) + EFP(266)
    EFP(266) <=> OCHO(25) + C2H4(38)
    O2(6) + EF(265) <=> HO2(15) + EFS(267)
    H(11) + EF(265) <=> H2(13) + EFS(267)
    O(12) + EF(265) <=> OH(8) + EFS(267)
    OH(8) + EF(265) <=> H2O(14) + EFS(267)
    HO2(15) + EF(265) <=> H2O2(16) + EFS(267)
    CH3(20) + EF(265) <=> CH4(21) + EFS(267)
    C2H3(46) + EF(265) <=> C2H4(38) + EFS(267)
    C2H5(35) + EF(265) <=> C2H6(43) + EFS(267)
    CH3O(30) + EF(265) <=> CH3OH(31) + EFS(267)
    CH3O2(32) + EF(265) <=> CH3O2H(33) + EFS(267)
    EFS(267) <=> HCO(19) + CH3CHO(47)
    H(11) + EF(265) <=> H2(13) + EFF(268)
    O(12) + EF(265) <=> OH(8) + EFF(268)
    OH(8) + EF(265) <=> H2O(14) + EFF(268)
    CH3(20) + EF(265) <=> CH4(21) + EFF(268)
    HO2(15) + EF(265) <=> H2O2(16) + EFF(268)
    O2(6) + EF(265) <=> HO2(15) + EFF(268)
    CH3O(30) + EF(265) <=> CH3OH(31) + EFF(268)
    CH3O2(32) + EF(265) <=> CH3O2H(33) + EFF(268)
    CO2(18) + C2H5(35) <=> EFF(268)
    CO(17) + C2H5O(48) <=> EFF(268)
    H(11) + EFP(266) <=> EF(265)
    H(11) + EFS(267) <=> EF(265)
    H(11) + EFF(268) <=> EF(265)
    OCHO(25) + C2H5(35) <=> EF(265)
    HCO(19) + C2H5O(48) <=> EF(265)
    EF(265) <=> HCOOH(42) + C2H4(38)
    H(11) + ME(269) <=> H2(13) + ME2J(270)
    O(12) + ME(269) <=> OH(8) + ME2J(270)
    OH(8) + ME(269) <=> H2O(14) + ME2J(270)
    CH3(20) + ME(269) <=> CH4(21) + ME2J(270)
    HO2(15) + ME(269) <=> H2O2(16) + ME2J(270)
    O2(6) + ME(269) <=> HO2(15) + ME2J(270)
    CH3O(30) + ME(269) <=> CH3OH(31) + ME2J(270)
    CH3O2(32) + ME(269) <=> CH3O2H(33) + ME2J(270)
    CH3O(30) + CH2CO(56) <=> ME2J(270)
    H(11) + ME(269) <=> H2(13) + MEMJ(271)
    O(12) + ME(269) <=> OH(8) + MEMJ(271)
    OH(8) + ME(269) <=> H2O(14) + MEMJ(271)
    CH3(20) + ME(269) <=> CH4(21) + MEMJ(271)
    HO2(15) + ME(269) <=> H2O2(16) + MEMJ(271)
    O2(6) + ME(269) <=> HO2(15) + MEMJ(271)
    CH3O(30) + ME(269) <=> CH3OH(31) + MEMJ(271)
    CH3O2(32) + ME(269) <=> CH3O2H(33) + MEMJ(271)
    C2H3(46) + ME(269) <=> C2H4(38) + ME2J(270)
    C2H5(35) + ME(269) <=> C2H6(43) + MEMJ(271)
    C2H3(46) + ME(269) <=> C2H4(38) + MEMJ(271)
    C2H5(35) + ME(269) <=> C2H6(43) + ME2J(270)
    CH2O(22) + CH3CO(52) <=> MEMJ(271)
    CH3(20) + CH3OCO(250) <=> ME(269)
    CH3O(30) + CH3CO(52) <=> ME(269)
    CH3(20) + CH3CO2(57) <=> ME(269)
    H(11) + ME2J(270) <=> ME(269)
    H(11) + MEMJ(271) <=> ME(269)
    CH2(36) + CH2OCHO(248) <=> EFP(266)
    CH2(36) + CH3OCO(250) <=> ME2J(270)
    H2(13) <=> H(11) + H(11)
    O(12) + O(12) <=> O2(6)
    O(12) + H(11) <=> OH(8)
    H(11) + OH(8) <=> H2O(14)
    O2(6) + H(11) <=> HO2(15)
    H2O2(16) <=> OH(8) + OH(8)
    O(12) + CO(17) <=> CO2(18)
    HCO(19) <=> H(11) + CO(17)
    H(11) + CO2(18) <=> OCHO(25)
    CH2O(22) <=> H(11) + HCO(19)
    CH2O(22) <=> H2(13) + CO(17)
    CH3(20) + CH3(20) <=> C2H6(43)
    H(11) + CH3(20) <=> CH4(21)
    O2(6) + CH3(20) <=> CH3O2(32)
    CH2OH(34) <=> H(11) + CH2O(22)
    CH3O(30) <=> H(11) + CH2O(22)
    OH(8) + CH3(20) <=> CH3OH(31)
    H(11) + CH2OH(34) <=> CH3OH(31)
    H(11) + CH3O(30) <=> CH3OH(31)
    H2O(14) + CH2(S)(37) <=> CH3OH(31)
    H(11) + CH2(36) <=> CH3(20)
    CO(17) + CH2(36) <=> CH2CO(56)
    CH2(S)(37) <=> CH2(36)
    H(11) + C2H5(35) <=> C2H6(43)
    H(11) + C2H4(38) <=> C2H5(35)
    CH3CO(52) <=> CO(17) + CH3(20)
    CH3CO2(57) <=> CO2(18) + CH3(20)
    HCCO(58) <=> CO(17) + CH(40)
    H(11) + C2H3(46) <=> C2H4(38)
    C2H4(38) <=> H2(13) + C2H2(39)
    H(11) + C2H2(39) <=> C2H3(46)
    H(11) + C2H(59) <=> C2H2(39)
    C2H5OH(61) <=> CH3(20) + CH2OH(34)
    C2H5OH(61) <=> OH(8) + C2H5(35)
    C2H5OH(61) <=> H2O(14) + C2H4(38)
    C2H5OH(61) <=> H2(13) + CH3CHO(47)
    CH3COCH3(65) <=> CH3(20) + CH3CO(52)
    CH3OCH3(74) <=> CH3(20) + CH3O(30)
    C3H8(83) <=> CH3(20) + C2H5(35)
    H(11) + C3H5-A(85) <=> C3H6(86)
    CH3(20) + C2H3(46) <=> C3H6(86)
    H(11) + C3H6(86) <=> CH3(20) + C2H4(38)
    OH(8) + C3H5-A(85) <=> H(11) + H(11) + C2H3CHO(70)
    O2(6) + C3H5-A(85) <=> HO2(15) + C3H4-A(97)
    O2(6) + C3H5-A(85) <=> CH2O(22) + CH3CO(52)
    O2(6) + C3H5-A(85) <=> OH(8) + C2H3CHO(70)
    C3H5-A(85) <=> C3H5-T(92)
    C3H5-A(85) <=> C3H5-S(91)
    CH3(20) + C2H2(39) <=> C3H5-A(85)
    CH3(20) + C2H2(39) <=> C3H5-S(91)
    CH3(20) + C2H2(39) <=> C3H5-T(92)
    C3H5-T(92) <=> C3H5-S(91)
    CH3(20) + C2H2(39) <=> H(11) + C3H4-A(97)
    H(11) + C3H4-A(97) <=> C3H5-S(91)
    H(11) + C3H4-A(97) <=> C3H5-T(92)
    H(11) + C3H4-A(97) <=> C3H5-A(85)
    C3H4-P(99) <=> CC3H4(272)
    C3H4-P(99) <=> C3H4-A(97)
    H(11) + C3H4-P(99) <=> H(11) + C3H4-A(97)
    H(11) + C3H4-P(99) <=> C3H5-T(92)
    H(11) + C3H4-P(99) <=> C3H5-S(91)
    H(11) + C3H4-P(99) <=> C3H5-A(85)
    CH3(20) + C2H2(39) <=> H(11) + C3H4-P(99)
    CC3H4(272) <=> C3H4-A(97)
    CH3(20) + C3H3(100) <=> C4H612(151)
    C4H10(123) <=> C2H5(35) + C2H5(35)
    C4H10(123) <=> CH3(20) + NC3H7(82)
    H(11) + C4H6(135) <=> C2H3(46) + C2H4(38)
    C4H71-4(134) <=> H(11) + C4H6(135)
    C2H2(39) + H2CC(160) <=> C4H4(102)
    IC4H10(202) <=> CH3(20) + IC3H7(84)
    CH3OCHO(249) <=> CO(17) + CH3OH(31)
    CH3OCHO(249) <=> CO2(18) + CH4(21)
    CH3OCHO(249) <=> CH2O(22) + CH2O(22)
    CH3OCHO(249) <=> OCHO(25) + CH3(20)
    CH3OCHO(249) <=> HCO(19) + CH3O(30)
    CH3(20) + C3H5-A(85) <=> C4H8-1(129)

After model enlargement:
    The model core has 0 species and 0 reactions
    The model edge has 273 species and 1571 reactions

NOT generating reactions for unreactive species N2

Summary of Model Enlargement
---------------------------------
Added 1 new core species
    N2
Created 0 new edge species
Added 0 new core reactions
Created 0 new edge reactions

After model enlargement:
    The model core has 1 species and 0 reactions
    The model edge has 272 species and 1571 reactions


NOT generating reactions for unreactive species Ar

Summary of Model Enlargement
---------------------------------
Added 1 new core species
    Ar
Created 0 new edge species
Added 0 new core reactions
Created 0 new edge reactions

After model enlargement:
    The model core has 2 species and 0 reactions
    The model edge has 272 species and 1571 reactions


NOT generating reactions for unreactive species He

Summary of Model Enlargement
---------------------------------
Added 1 new core species
    He
Created 0 new edge species
Added 0 new core reactions
Created 0 new edge reactions

After model enlargement:
    The model core has 3 species and 0 reactions
    The model edge has 272 species and 1571 reactions


NOT generating reactions for unreactive species Ne

Summary of Model Enlargement
---------------------------------
Added 1 new core species
    Ne
Created 0 new edge species
Added 0 new core reactions
Created 0 new edge reactions

After model enlargement:
    The model core has 4 species and 0 reactions
    The model edge has 272 species and 1571 reactions


Adding species toluene(1) to model core

Summary of Model Enlargement
---------------------------------
Added 1 new core species
    toluene(1)
Created 0 new edge species
Added 0 new core reactions
Created 0 new edge reactions

After model enlargement:
    The model core has 5 species and 0 reactions
    The model edge has 271 species and 1571 reactions


Adding species tolyl(2) to model core

Summary of Model Enlargement
---------------------------------
Added 1 new core species
    tolyl(2)
Created 0 new edge species
Added 0 new core reactions
Created 0 new edge reactions

After model enlargement:
    The model core has 6 species and 0 reactions
    The model edge has 270 species and 1571 reactions


Adding species o-cresol(3) to model core

Summary of Model Enlargement
---------------------------------
Added 1 new core species
    o-cresol(3)
Created 0 new edge species
Added 0 new core reactions
Created 0 new edge reactions

After model enlargement:
    The model core has 7 species and 0 reactions
    The model edge has 269 species and 1571 reactions


Adding species MHCHD(4) to model core

Summary of Model Enlargement
---------------------------------
Added 1 new core species
    MHCHD(4)
Created 0 new edge species
Added 0 new core reactions
Created 0 new edge reactions

After model enlargement:
    The model core has 8 species and 0 reactions
    The model edge has 268 species and 1571 reactions


Adding species benzaldehyde(5) to model core

Summary of Model Enlargement
---------------------------------
Added 1 new core species
    benzaldehyde(5)
Created 0 new edge species
Added 0 new core reactions
Created 0 new edge reactions

After model enlargement:
    The model core has 9 species and 0 reactions
    The model edge has 267 species and 1571 reactions


Adding species O2(6) to model core

Summary of Model Enlargement
---------------------------------
Added 1 new core species
    O2(6)
Created 0 new edge species
Added 0 new core reactions
Created 0 new edge reactions

After model enlargement:
    The model core has 10 species and 0 reactions
    The model edge has 266 species and 1571 reactions


Adding species tolylperoxy(7) to model core

Summary of Model Enlargement
---------------------------------
Added 1 new core species
    tolylperoxy(7)
Created 0 new edge species
Added 0 new core reactions
Created 0 new edge reactions

After model enlargement:
    The model core has 11 species and 0 reactions
    The model edge has 265 species and 1571 reactions


Adding species OH(8) to model core

Summary of Model Enlargement
---------------------------------
Added 1 new core species
    OH(8)
Created 0 new edge species
Added 0 new core reactions
Created 0 new edge reactions

After model enlargement:
    The model core has 12 species and 0 reactions
    The model edge has 264 species and 1571 reactions


Adding species 1,2 bzd(9) to model core

Summary of Model Enlargement
---------------------------------
Added 1 new core species
    1,2 bzd(9)
Created 0 new edge species
Added 0 new core reactions
Created 0 new edge reactions

After model enlargement:
    The model core has 13 species and 0 reactions
    The model edge has 263 species and 1571 reactions


Adding species 1,3 bzd(10) to model core

Summary of Model Enlargement
---------------------------------
Added 1 new core species
    1,3 bzd(10)
Created 0 new edge species
Added 0 new core reactions
Created 0 new edge reactions

After model enlargement:
    The model core has 14 species and 0 reactions
    The model edge has 262 species and 1571 reactions


Initialization complete. Starting model generation.

Generating initial reactions for reaction system 1...
For reaction generation 1 process is used.
Generating thermo for new species...
Generating kinetics for new reactions...
For reaction O2(6) + toluene(1) <=> HO2(15) + tolyl(2), Ea raised from 166.1 to 172.6 kJ/mol to match endothermicity of reaction.
For reaction O2(6) + toluene(1) <=> CC1(O[O])[CH]C=CC=C1(350), Ea raised from 121.2 to 125.3 kJ/mol to match endothermicity of reaction.
For reaction O2(6) + toluene(1) <=> C[C]1C=CC=CC1O[O](351), Ea raised from 143.2 to 147.2 kJ/mol to match endothermicity of reaction.
For reaction O2(6) + toluene(1) <=> CC1=CC=CC(O[O])[CH]1(352), Ea raised from 143.2 to 147.2 kJ/mol to match endothermicity of reaction.
For reaction O2(6) + toluene(1) <=> CC1=C[CH]C(O[O])C=C1(353), Ea raised from 144.7 to 148.7 kJ/mol to match endothermicity of reaction.
For reaction O2(6) + OH(8) <=> [O]OO(357), Ea raised from 16.4 to 20.8 kJ/mol to match endothermicity of reaction.

Summary of Secondary Model Edge Enlargement
---------------------------------
Added 0 new core species
Created 85 new edge species
    c1ccccc1(273)
    [CH2]C1[CH]C=CC=C1(274)
    CC1[C]=CC=C[CH]1(275)
    CC1=[C]C[CH]C=C1(276)
    C[C]1C=CC=[C]C1(277)
    CC1=C[CH]C[C]=C1(278)
    CC1=CC=[C]C[CH]1(279)
    [CH2]C1=CC=C[CH]C1(280)
    CC1=[C]C=C[CH]C1(281)
    CC1[CH]C=C[C]=C1(282)
    CC1=C[CH]CC=[C]1(283)
    C[C]1C=C[C]=CC1(284)
    CC1=C[C]=CC[CH]1(285)
    [CH2]C1=CC=CC[CH]1(286)
    CC1=[C]C=CC[CH]1(287)
    C[C]1C=[C]C=CC1(288)
    CC1[CH]C=[C]C=C1(289)
    [CH2]C1=C[CH]CC=C1(290)
    [c]1ccccc1(291)
    Cc1[c]cccc1(292)
    Cc1c[c]ccc1(293)
    Cc1cc[c]cc1(294)
    CC1[C]C=CC=C1(295)
    CC1=CC=CC[C]1(296)
    CC1=CC=C[C]C1(297)
    CC1=C[C]CC=C1(298)
    CC1=CC[C]C=C1(299)
    C[C]1C=CC=CC1C1C=CC=C[C]1C(300)
    C[C]1C=CC=CC1C1(C)[CH]C=CC=C1(301)
    C[C]1C=CC=CC1C1[CH]C(C)=CC=C1(302)
    C[C]1C=CC=CC1C1[CH]C=C(C)C=C1(303)
    CC1(C2(C)[CH]C=CC=C2)[CH]C=CC=C1(304)
    CC1=CC=CC(C2(C)[CH]C=CC=C2)[CH]1(305)
    CC1=C[CH]C(C2(C)[CH]C=CC=C2)C=C1(306)
    CC1=CC=CC(C2[CH]C(C)=CC=C2)[CH]1(307)
    CC1=CC=CC(C2[CH]C=C(C)C=C2)[CH]1(308)
    CC1=C[CH]C(C2[CH]C=C(C)C=C2)C=C1(309)
    CC1[CH]C=CC=C1(310)
    C[C]1C=CC=CC1(311)
    CC1=CC=CC[CH]1(312)
    CC1=C[CH]CC=C1(313)
    C=C1C=CC=CC1C1(C)C=CC=CC1(314)
    C=C1C=CC=CC1C1C=CC=CC1C(315)
    C=C1C=CC=CC1C1CC=CC=C1C(316)
    C=C1C=CC=CC1C1C=CC=C(C)C1(317)
    C=C1C=CC=CC1C1C=C(C)C=CC1(318)
    C=C1C=CC=CC1C1C=CC(C)=CC1(319)
    CC1=C=CC=CC1C1(C)C=CC=CC1(320)
    CC1=C=CC=CC1C1C=CC=CC1C(321)
    CC1=C=CC=CC1C1CC=CC=C1C(322)
    CC1=C=CC=CC1C1C=CC=C(C)C1(323)
    CC1=C=CC=CC1C1C=C(C)C=CC1(324)
    CC1=C=CC=CC1C1C=CC(C)=CC1(325)
    CC1=C=CC(C2(C)C=CC=CC2)C=C1(326)
    CC1=C=CC(C2C=CC=CC2C)C=C1(327)
    CC1=C=CC(C2CC=CC=C2C)C=C1(328)
    CC1=C=CC(C2C=CC=C(C)C2)C=C1(329)
    CC1=C=CC(C2C=C(C)C=CC2)C=C1(330)
    CC1=C=CC(C2C=CC(C)=CC2)C=C1(331)
    CC1(C2(C)C=CC=CC2)C=C=CC=C1(332)
    CC1C=CC=CC1C1(C)C=C=CC=C1(333)
    CC1=CC=CCC1C1(C)C=C=CC=C1(334)
    CC1=CC=CC(C2(C)C=C=CC=C2)C1(335)
    CC1=CC(C2(C)C=C=CC=C2)CC=C1(336)
    CC1=CCC(C2(C)C=C=CC=C2)C=C1(337)
    CC1=CC(C2(C)C=CC=CC2)C=C=C1(338)
    CC1=CC(C2C=CC=CC2C)C=C=C1(339)
    CC1=CC(C2CC=CC=C2C)C=C=C1(340)
    CC1=CC(C2C=CC=C(C)C2)C=C=C1(341)
    CC1=CC(C2C=C(C)C=CC2)C=C=C1(342)
    CC1=CCC(C2C=C=CC(C)=C2)C=C1(343)
    CC1=CC=C=CC1C1(C)C=CC=CC1(344)
    CC1=CC=C=CC1C1C=CC=CC1C(345)
    CC1=CC=C=CC1C1CC=CC=C1C(346)
    CC1=CC=CC(C2C=C=CC=C2C)C1(347)
    CC1=CC(C2C=C=CC=C2C)CC=C1(348)
    CC1=CCC(C2C=C=CC=C2C)C=C1(349)
    CC1(O[O])[CH]C=CC=C1(350)
    C[C]1C=CC=CC1O[O](351)
    CC1=CC=CC(O[O])[CH]1(352)
    CC1=C[CH]C(O[O])C=C1(353)
    CC1(O)[CH]C=CC=C1(354)
    CC1=CC=CC(O)[CH]1(355)
    CC1=C[CH]C(O)C=C1(356)
    [O]OO(357)
Added 1 new core reactions
    OH(8) + toluene(1) <=> MHCHD(4)
Created 110 new edge reactions
    CH2(S)(37) + c1ccccc1(273) <=> toluene(1)
    [CH2]C1[CH]C=CC=C1(274) <=> toluene(1)
    CC1[C]=CC=C[CH]1(275) <=> toluene(1)
    CC1=[C]C[CH]C=C1(276) <=> toluene(1)
    C[C]1C=CC=[C]C1(277) <=> toluene(1)
    CC1=C[CH]C[C]=C1(278) <=> toluene(1)
    CC1=CC=[C]C[CH]1(279) <=> toluene(1)
    [CH2]C1=CC=C[CH]C1(280) <=> toluene(1)
    CC1=[C]C=C[CH]C1(281) <=> toluene(1)
    CC1[CH]C=C[C]=C1(282) <=> toluene(1)
    CC1=C[CH]CC=[C]1(283) <=> toluene(1)
    C[C]1C=C[C]=CC1(284) <=> toluene(1)
    CC1=C[C]=CC[CH]1(285) <=> toluene(1)
    [CH2]C1=CC=CC[CH]1(286) <=> toluene(1)
    CC1=[C]C=CC[CH]1(287) <=> toluene(1)
    C[C]1C=[C]C=CC1(288) <=> toluene(1)
    CC1[CH]C=[C]C=C1(289) <=> toluene(1)
    [CH2]C1=C[CH]CC=C1(290) <=> toluene(1)
    CH3(20) + [c]1ccccc1(291) <=> toluene(1)
    H(11) + tolyl(2) <=> toluene(1)
    H(11) + Cc1[c]cccc1(292) <=> toluene(1)
    H(11) + Cc1c[c]ccc1(293) <=> toluene(1)
    H(11) + Cc1cc[c]cc1(294) <=> toluene(1)
    CC1[C]C=CC=C1(295) <=> toluene(1)
    CC1=CC=CC[C]1(296) <=> toluene(1)
    CC1=CC=C[C]C1(297) <=> toluene(1)
    CC1=C[C]CC=C1(298) <=> toluene(1)
    CC1=CC[C]C=C1(299) <=> toluene(1)
    C[C]1C=CC=CC1C1C=CC=C[C]1C(300) <=> toluene(1) + toluene(1)
    C[C]1C=CC=CC1C1(C)[CH]C=CC=C1(301) <=> toluene(1) + toluene(1)
    C[C]1C=CC=CC1C1[CH]C(C)=CC=C1(302) <=> toluene(1) + toluene(1)
    C[C]1C=CC=CC1C1[CH]C=C(C)C=C1(303) <=> toluene(1) + toluene(1)
    CC1(C2(C)[CH]C=CC=C2)[CH]C=CC=C1(304) <=> toluene(1) + toluene(1)
    CC1=CC=CC(C2(C)[CH]C=CC=C2)[CH]1(305) <=> toluene(1) + toluene(1)
    CC1=C[CH]C(C2(C)[CH]C=CC=C2)C=C1(306) <=> toluene(1) + toluene(1)
    CC1=CC=CC(C2[CH]C(C)=CC=C2)[CH]1(307) <=> toluene(1) + toluene(1)
    CC1=CC=CC(C2[CH]C=C(C)C=C2)[CH]1(308) <=> toluene(1) + toluene(1)
    CC1=C[CH]C(C2[CH]C=C(C)C=C2)C=C1(309) <=> toluene(1) + toluene(1)
    tolyl(2) + CC1[CH]C=CC=C1(310) <=> toluene(1) + toluene(1)
    tolyl(2) + C[C]1C=CC=CC1(311) <=> toluene(1) + toluene(1)
    tolyl(2) + CC1=CC=CC[CH]1(312) <=> toluene(1) + toluene(1)
    tolyl(2) + CC1=C[CH]CC=C1(313) <=> toluene(1) + toluene(1)
    Cc1[c]cccc1(292) + CC1[CH]C=CC=C1(310) <=> toluene(1) + toluene(1)
    Cc1[c]cccc1(292) + C[C]1C=CC=CC1(311) <=> toluene(1) + toluene(1)
    Cc1[c]cccc1(292) + CC1=CC=CC[CH]1(312) <=> toluene(1) + toluene(1)
    Cc1[c]cccc1(292) + CC1=C[CH]CC=C1(313) <=> toluene(1) + toluene(1)
    Cc1c[c]ccc1(293) + CC1[CH]C=CC=C1(310) <=> toluene(1) + toluene(1)
    Cc1c[c]ccc1(293) + C[C]1C=CC=CC1(311) <=> toluene(1) + toluene(1)
    Cc1c[c]ccc1(293) + CC1=CC=CC[CH]1(312) <=> toluene(1) + toluene(1)
    Cc1c[c]ccc1(293) + CC1=C[CH]CC=C1(313) <=> toluene(1) + toluene(1)
    Cc1cc[c]cc1(294) + CC1[CH]C=CC=C1(310) <=> toluene(1) + toluene(1)
    Cc1cc[c]cc1(294) + C[C]1C=CC=CC1(311) <=> toluene(1) + toluene(1)
    Cc1cc[c]cc1(294) + CC1=CC=CC[CH]1(312) <=> toluene(1) + toluene(1)
    Cc1cc[c]cc1(294) + CC1=C[CH]CC=C1(313) <=> toluene(1) + toluene(1)
    C=C1C=CC=CC1C1(C)C=CC=CC1(314) <=> toluene(1) + toluene(1)
    C=C1C=CC=CC1C1C=CC=CC1C(315) <=> toluene(1) + toluene(1)
    C=C1C=CC=CC1C1CC=CC=C1C(316) <=> toluene(1) + toluene(1)
    C=C1C=CC=CC1C1C=CC=C(C)C1(317) <=> toluene(1) + toluene(1)
    C=C1C=CC=CC1C1C=C(C)C=CC1(318) <=> toluene(1) + toluene(1)
    C=C1C=CC=CC1C1C=CC(C)=CC1(319) <=> toluene(1) + toluene(1)
    CC1=C=CC=CC1C1(C)C=CC=CC1(320) <=> toluene(1) + toluene(1)
    CC1=C=CC=CC1C1C=CC=CC1C(321) <=> toluene(1) + toluene(1)
    CC1=C=CC=CC1C1CC=CC=C1C(322) <=> toluene(1) + toluene(1)
    CC1=C=CC=CC1C1C=CC=C(C)C1(323) <=> toluene(1) + toluene(1)
    CC1=C=CC=CC1C1C=C(C)C=CC1(324) <=> toluene(1) + toluene(1)
    CC1=C=CC=CC1C1C=CC(C)=CC1(325) <=> toluene(1) + toluene(1)
    CC1=C=CC(C2(C)C=CC=CC2)C=C1(326) <=> toluene(1) + toluene(1)
    CC1=C=CC(C2C=CC=CC2C)C=C1(327) <=> toluene(1) + toluene(1)
    CC1=C=CC(C2CC=CC=C2C)C=C1(328) <=> toluene(1) + toluene(1)
    CC1=C=CC(C2C=CC=C(C)C2)C=C1(329) <=> toluene(1) + toluene(1)
    CC1=C=CC(C2C=C(C)C=CC2)C=C1(330) <=> toluene(1) + toluene(1)
    CC1=C=CC(C2C=CC(C)=CC2)C=C1(331) <=> toluene(1) + toluene(1)
    CC1(C2(C)C=CC=CC2)C=C=CC=C1(332) <=> toluene(1) + toluene(1)
    CC1C=CC=CC1C1(C)C=C=CC=C1(333) <=> toluene(1) + toluene(1)
    CC1=CC=CCC1C1(C)C=C=CC=C1(334) <=> toluene(1) + toluene(1)
    CC1=CC=CC(C2(C)C=C=CC=C2)C1(335) <=> toluene(1) + toluene(1)
    CC1=CC(C2(C)C=C=CC=C2)CC=C1(336) <=> toluene(1) + toluene(1)
    CC1=CCC(C2(C)C=C=CC=C2)C=C1(337) <=> toluene(1) + toluene(1)
    CC1=CC(C2(C)C=CC=CC2)C=C=C1(338) <=> toluene(1) + toluene(1)
    CC1=CC(C2C=CC=CC2C)C=C=C1(339) <=> toluene(1) + toluene(1)
    CC1=CC(C2CC=CC=C2C)C=C=C1(340) <=> toluene(1) + toluene(1)
    CC1=CC(C2C=CC=C(C)C2)C=C=C1(341) <=> toluene(1) + toluene(1)
    CC1=CC(C2C=C(C)C=CC2)C=C=C1(342) <=> toluene(1) + toluene(1)
    CC1=CCC(C2C=C=CC(C)=C2)C=C1(343) <=> toluene(1) + toluene(1)
    CC1=CC=C=CC1C1(C)C=CC=CC1(344) <=> toluene(1) + toluene(1)
    CC1=CC=C=CC1C1C=CC=CC1C(345) <=> toluene(1) + toluene(1)
    CC1=CC=C=CC1C1CC=CC=C1C(346) <=> toluene(1) + toluene(1)
    CC1=CC=CC(C2C=C=CC=C2C)C1(347) <=> toluene(1) + toluene(1)
    CC1=CC(C2C=C=CC=C2C)CC=C1(348) <=> toluene(1) + toluene(1)
    CC1=CCC(C2C=C=CC=C2C)C=C1(349) <=> toluene(1) + toluene(1)
    O2(6) + toluene(1) <=> HO2(15) + tolyl(2)
    O2(6) + toluene(1) <=> HO2(15) + Cc1[c]cccc1(292)
    O2(6) + toluene(1) <=> HO2(15) + Cc1c[c]ccc1(293)
    O2(6) + toluene(1) <=> HO2(15) + Cc1cc[c]cc1(294)
    O2(6) + toluene(1) <=> CC1(O[O])[CH]C=CC=C1(350)
    O2(6) + toluene(1) <=> C[C]1C=CC=CC1O[O](351)
    O2(6) + toluene(1) <=> CC1=CC=CC(O[O])[CH]1(352)
    O2(6) + toluene(1) <=> CC1=C[CH]C(O[O])C=C1(353)
    O(12) + CC1[CH]C=CC=C1(310) <=> OH(8) + toluene(1)
    O(12) + C[C]1C=CC=CC1(311) <=> OH(8) + toluene(1)
    O(12) + CC1=CC=CC[CH]1(312) <=> OH(8) + toluene(1)
    O(12) + CC1=C[CH]CC=C1(313) <=> OH(8) + toluene(1)
    OH(8) + toluene(1) <=> H2O(14) + tolyl(2)
    OH(8) + toluene(1) <=> H2O(14) + Cc1[c]cccc1(292)
    OH(8) + toluene(1) <=> H2O(14) + Cc1c[c]ccc1(293)
    OH(8) + toluene(1) <=> H2O(14) + Cc1cc[c]cc1(294)
    OH(8) + toluene(1) <=> CC1(O)[CH]C=CC=C1(354)
    OH(8) + toluene(1) <=> CC1=CC=CC(O)[CH]1(355)
    OH(8) + toluene(1) <=> CC1=C[CH]C(O)C=C1(356)
    O2(6) + OH(8) <=> [O]OO(357)

After model enlargement:
    The model core has 14 species and 1 reactions
    The model edge has 347 species and 1681 reactions


Completed initial enlarge edge step.

Saving current model core to Chemkin file...
Chemkin file contains 1 reactions.
Saving annotated version of Chemkin file...
Chemkin file contains 1 reactions.
Saving current model core and edge to Chemkin file...
Chemkin file contains 1688 reactions.
Saving annotated version of Chemkin file...
Chemkin file contains 1688 reactions.
Saving current model core to HTML file...
Saving current model edge to HTML file...
Updating RMG execution statistics...
    Execution time (DD:HH:MM:SS): 00:00:01:04
    Memory used: 788.63 MB
Generating plots of execution statistics...

Making seed mechanism...
Beginning model generation stage 1...

Making seed mechanism...
Conducting simulation of reaction system 1...
At time 0.0000e+00 s, species O(12) at 0.9818072520059711 exceeded the minimum rate for simulation interruption of 0.03
At time 0.0000e+00 s, species H2O(14) at 6162.852099599681 exceeded the minimum rate for simulation interruption of 0.03
At time 0.0000e+00 s, species H2O2(16) at 1.9832970296557182 exceeded the minimum rate for simulation interruption of 0.03
At time 0.0000e+00 s, species Cc1[c]cccc1(292) at 34.93407019107093 exceeded the minimum rate for simulation interruption of 0.03
At time 0.0000e+00 s, species Cc1c[c]ccc1(293) at 115.80349745485313 exceeded the minimum rate for simulation interruption of 0.03
At time 0.0000e+00 s, species Cc1cc[c]cc1(294) at 83.45041443818428 exceeded the minimum rate for simulation interruption of 0.03
At time 0.0000e+00 s, species CC1=C[CH]C(O)C=C1(356) at 0.1516133088941081 exceeded the minimum rate for simulation interruption of 0.03
At time 0.0000e+00 s, species [O]OO(357) at 757186782660.6011 exceeded the minimum rate for simulation interruption of 0.03
Exceeded max number of objects...removing excess objects
Reached max number of objects...preparing to terminate
At time 0.0000e+00 s, species [O]OO(357) at rate ratio 757186782660.6011 exceeded the minimum rate for moving to model core of 0.03
terminating simulation due to interrupt...


Adding species [O]OO(357) to model core
Species [O]OO(357) was Forbidden and not added to Core...Removing from Edge.

Summary of Model Enlargement
---------------------------------
Added 0 new core species
Created 0 new edge species
Added 0 new core reactions
Created 0 new edge reactions

After model enlargement:
    The model core has 14 species and 1 reactions
    The model edge has 346 species and 1680 reactions


At time 1.0000e+02 s, reached target termination time.
    toluene(1) conversion: 8.518e-11 

For reaction generation 1 process is used.
Generating thermo for new species...
Generating kinetics for new reactions...
For reaction MHCHD(4) <=> C[C]1C(O)C2C=CC12(362), Ea raised from 245.7 to 246.0 kJ/mol to match endothermicity of reaction.
For reaction toluene(1) + MHCHD(4) <=> CC1=CC=CC(C2(C)[CH]C=CC=C2)C1O(407), Ea raised from 80.6 to 81.6 kJ/mol to match endothermicity of reaction.
For reaction toluene(1) + MHCHD(4) <=> C[C]1C=CC=CC1C1C=CC=C(C)C1O(408), Ea raised from 74.7 to 75.3 kJ/mol to match endothermicity of reaction.
For reaction toluene(1) + MHCHD(4) <=> CC1=CC=CC(C2C=CC=C(C)C2O)[CH]1(409), Ea raised from 74.7 to 75.3 kJ/mol to match endothermicity of reaction.
For reaction toluene(1) + MHCHD(4) <=> CC1=C[CH]C(C2C=CC=C(C)C2O)C=C1(410), Ea raised from 76.2 to 76.7 kJ/mol to match endothermicity of reaction.
For reaction Cc1[c]cccc1(292) + CC1C=CC=CC1O(483) <=> toluene(1) + MHCHD(4) Ea raised from -21.3 to -21.3 kJ/mol.
For reaction Cc1c[c]ccc1(293) + CC1C=CC=CC1O(483) <=> toluene(1) + MHCHD(4) Ea raised from -21.3 to -21.3 kJ/mol.
For reaction Cc1cc[c]cc1(294) + CC1C=CC=CC1O(483) <=> toluene(1) + MHCHD(4) Ea raised from -21.3 to -21.3 kJ/mol.
For reaction toluene(1) + MHCHD(4) <=> CC1(C2(C)C=CC=CC2O)[CH]C=CC=C1(484), Ea raised from 86.5 to 88.0 kJ/mol to match endothermicity of reaction.
For reaction toluene(1) + MHCHD(4) <=> C[C]1C=CC=CC1C1(C)C=CC=CC1O(485), Ea raised from 80.6 to 81.6 kJ/mol to match endothermicity of reaction.
For reaction toluene(1) + MHCHD(4) <=> CC1=CC=CC(C2(C)C=CC=CC2O)[CH]1(486), Ea raised from 80.6 to 81.6 kJ/mol to match endothermicity of reaction.
For reaction toluene(1) + MHCHD(4) <=> CC1=C[CH]C(C2(C)C=CC=CC2O)C=C1(487), Ea raised from 82.1 to 83.1 kJ/mol to match endothermicity of reaction.

Summary of Secondary Model Edge Enlargement
---------------------------------
Added 0 new core species
Created 157 new edge species
    OC1[CH]C=CC=C1(358)
    CC1=CC=CC1[CH]O(359)
    CC1=CC=C[C]C1O(360)
    CC1=CC2[CH]C2C1O(361)
    C[C]1C(O)C2C=CC12(362)
    CC12[CH]C=CC1C2O(363)
    C[C]=CC=CC=CO(364)
    CC1=C(O)[CH]CC=C1(365)
    C=C1C=CC[CH]C1O(366)
    CC1=CC=C=CC1O(367)
    CC1=CC=C[CH][CH]1(368)
    CC1=CC=C[CH]C1[O](369)
    CC1=CC=C[CH][C]1O(370)
    OC1[C]=CC=C[CH]1(371)
    [CH2]C1=CC=C[CH]C1O(372)
    CC1=[C]C=C[CH]C1O(373)
    CC1=CC=[C][CH]C1O(374)
    CC1=C[C]=C[CH]C1O(375)
    CC1=CC=CC[C]1O(376)
    CC1=CC=[C]CC1O(377)
    CC1=CC=CCC1[O](378)
    CC1=C[C]=CCC1O(379)
    [CH2]C1=CC=CCC1O(380)
    CC1=[C]C=CCC1O(381)
    CC12[CH]C1C=CC2O(382)
    CC1=C=CC=CC1O(383)
    CC1=[C]CC=CC1O(384)
    CC1=CC[C]=CC1O(385)
    CC1=CCC=[C]C1O(386)
    CC1=CCC=C[C]1O(387)
    [CH2]C1=CCC=CC1O(388)
    CC1=CCC=CC1[O](389)
    CC1([CH]O)C=CC=C1(390)
    CC12C=CC1[CH]C2O(391)
    [CH]=CC=CC(C)=CO(392)
    C[C]1CC=CC=C1O(393)
    C=C1C=CC=CC1O(394)
    CC1C=CC=C[C]1O(395)
    [CH2]C1C=CC=CC1O(396)
    CC1[C]=CC=CC1O(397)
    CC1C=CC=CC1[O](398)
    CC1C=CC=[C]C1O(399)
    CC1C=[C]C=CC1O(400)
    CC1C=C[C]=CC1O(401)
    CC1[CH]C=C[CH]C1O(402)
    C[C]1CC=C[CH]C1O(403)
    CC1=C[CH]C[CH]C1O(404)
    CC1=CC[CH][CH]C1O(405)
    CC1=CC=CCC1O(406)
    CC1=CC=CC(C2(C)[CH]C=CC=C2)C1O(407)
    C[C]1C=CC=CC1C1C=CC=C(C)C1O(408)
    CC1=CC=CC(C2C=CC=C(C)C2O)[CH]1(409)
    CC1=C[CH]C(C2C=CC=C(C)C2O)C=C1(410)
    C=C1C=CC=CC1C1(C)CC=C[CH]C1O(411)
    C=C1C=CC=CC1C1C=C[CH]C(O)C1C(412)
    C=C1C=CC=CC1C1[CH]C(O)C(C)=CC1(413)
    C=C1C=CC=CC1C1C=C(C)C(O)[CH]C1(414)
    CC1=C=CC=CC1C1(C)CC=C[CH]C1O(415)
    CC1=C=CC=CC1C1C=C[CH]C(O)C1C(416)
    CC1=C=CC=CC1C1[CH]C(O)C(C)=CC1(417)
    CC1=C=CC=CC1C1C=C(C)C(O)[CH]C1(418)
    CC1=C=CC(C2(C)CC=C[CH]C2O)C=C1(419)
    CC1=C=CC(C2C=C[CH]C(O)C2C)C=C1(420)
    CC1=C=CC(C2[CH]C(O)C(C)=CC2)C=C1(421)
    CC1=C=CC(C2C=C(C)C(O)[CH]C2)C=C1(422)
    CC1(C2(C)CC=C[CH]C2O)C=C=CC=C1(423)
    CC1C(O)[CH]C=CC1C1(C)C=C=CC=C1(424)
    CC1=CCC(C2(C)C=C=CC=C2)[CH]C1O(425)
    CC1=CC(C2(C)C=C=CC=C2)C[CH]C1O(426)
    CC1=CC(C2(C)CC=C[CH]C2O)C=C=C1(427)
    CC1=CC(C2C=C[CH]C(O)C2C)C=C=C1(428)
    CC1=CC(C2[CH]C(O)C(C)=CC2)C=C=C1(429)
    CC1=CC(C2C=C(C)C(O)[CH]C2)C=C=C1(430)
    CC1=CC=C=CC1C1(C)CC=C[CH]C1O(431)
    CC1=CC=C=CC1C1C=C[CH]C(O)C1C(432)
    CC1=CCC(C2C=C=CC=C2C)[CH]C1O(433)
    CC1=CC(C2C=C=CC=C2C)C[CH]C1O(434)
    CC1=C(O)[CH]C=CC1C1(C)C=CC=CC1(435)
    C=C1C(O)[CH]C=CC1C1(C)C=CC=CC1(436)
    CC1=C=CC(C2(C)C=CC=CC2)[CH]C1O(437)
    CC1(C2(C)C=C=C[CH]C2O)C=CC=CC1(438)
    CC1=C(O)[CH]C=CC1C1C=CC=CC1C(439)
    C=C1C(O)[CH]C=CC1C1C=CC=CC1C(440)
    CC1=C=CC(C2C=CC=CC2C)[CH]C1O(441)
    CC1C=CC=CC1C1(C)C=C=C[CH]C1O(442)
    CC1=CC=CCC1C1C=C[CH]C(O)=C1C(443)
    C=C1C(O)[CH]C=CC1C1CC=CC=C1C(444)
    CC1=C=CC(C2CC=CC=C2C)[CH]C1O(445)
    CC1=CC=CCC1C1(C)C=C=C[CH]C1O(446)
    CC1=CC=CC(C2C=C[CH]C(O)=C2C)C1(447)
    C=C1C(O)[CH]C=CC1C1C=CC=C(C)C1(448)
    CC1=C=CC(C2C=CC=C(C)C2)[CH]C1O(449)
    CC1=CC=CC(C2(C)C=C=C[CH]C2O)C1(450)
    CC1=CC(C2C=C[CH]C(O)=C2C)CC=C1(451)
    C=C1C(O)[CH]C=CC1C1C=C(C)C=CC1(452)
    CC1=C=CC(C2C=C(C)C=CC2)[CH]C1O(453)
    CC1=CC(C2(C)C=C=C[CH]C2O)CC=C1(454)
    CC1=CCC(C2C=C[CH]C(O)=C2C)C=C1(455)
    C=C1C(O)[CH]C=CC1C1C=CC(C)=CC1(456)
    CC1=C=CC(C2C=CC(C)=CC2)[CH]C1O(457)
    CC1=CCC(C2(C)C=C=C[CH]C2O)C=C1(458)
    CC1=C[CH][CH]CC1O(459)
    CC1=CCC=CC1O(460)
    CC1=CC(C2(C)[CH]C=CC=C2)C=CC1O(461)
    C[C]1C=CC=CC1C1C=CC(O)C(C)=C1(462)
    CC1=CC=CC(C2C=CC(O)C(C)=C2)[CH]1(463)
    CC1=C[CH]C(C2C=CC(O)C(C)=C2)C=C1(464)
    C=C1C=CC=CC1C1C[CH]C=C(C)C1O(465)
    C=C1C=CC=CC1C1[CH]C=C(C)C(O)C1(466)
    CC1=C=CC=CC1C1C[CH]C=C(C)C1O(467)
    CC1=C=CC=CC1C1[CH]C=C(C)C(O)C1(468)
    CC1=C=CC(C2C[CH]C=C(C)C2O)C=C1(469)
    CC1=C=CC(C2[CH]C=C(C)C(O)C2)C=C1(470)
    CC1=C[CH]CC(C2(C)C=C=CC=C2)C1O(471)
    CC1=C[CH]C(C2(C)C=C=CC=C2)CC1O(472)
    CC1=CC(C2C[CH]C=C(C)C2O)C=C=C1(473)
    CC1=CC(C2[CH]C=C(C)C(O)C2)C=C=C1(474)
    CC1=C[CH]CC(C2C=C=CC=C2C)C1O(475)
    CC1=C[CH]C(C2C=C=CC=C2C)CC1O(476)
    CC1=C[CH]C(C2(C)C=CC=CC2)C=C1O(477)
    CC1=C[CH]C(C2C=CC=CC2C)C=C1O(478)
    CC1=C[CH]C(C2CC=CC=C2C)C=C1O(479)
    CC1=CC=CC(C2[CH]C=C(C)C(O)=C2)C1(480)
    CC1=CC(C2[CH]C=C(C)C(O)=C2)CC=C1(481)
    CC1=CCC(C2[CH]C=C(C)C(O)=C2)C=C1(482)
    CC1C=CC=CC1O(483)
    CC1(C2(C)C=CC=CC2O)[CH]C=CC=C1(484)
    C[C]1C=CC=CC1C1(C)C=CC=CC1O(485)
    CC1=CC=CC(C2(C)C=CC=CC2O)[CH]1(486)
    CC1=C[CH]C(C2(C)C=CC=CC2O)C=C1(487)
    C=C1C=CC=CC1C1CC=CC(O)[C]1C(488)
    C=C1C=CC=CC1C1C=CC(O)[C](C)C1(489)
    C[C]1C(O)C=CCC1C1C=CC=C=C1C(490)
    C[C]1CC(C2C=CC=C=C2C)C=CC1O(491)
    C[C]1C(O)C=CCC1C1C=C=C(C)C=C1(492)
    C[C]1CC(C2C=C=C(C)C=C2)C=CC1O(493)
    C[C]1C(O)C=CCC1C1(C)C=C=CC=C1(494)
    C[C]1CC(C2(C)C=C=CC=C2)C=CC1O(495)
    C[C]1C(O)C=CCC1C1C=C=CC(C)=C1(496)
    C[C]1CC(C2C=C=CC(C)=C2)C=CC1O(497)
    C[C]1C(O)C=CCC1C1C=C=CC=C1C(498)
    C[C]1CC(C2C=C=CC=C2C)C=CC1O(499)
    C[C]1C(O)C=C=CC1C1(C)C=CC=CC1(500)
    C[C]1C=C=CC(C2(C)C=CC=CC2)C1O(501)
    C[C]1C(O)C=C=CC1C1C=CC=CC1C(502)
    C[C]1C=C=CC(C2C=CC=CC2C)C1O(503)
    C[C]1C(O)C=C=CC1C1CC=CC=C1C(504)
    C[C]1C=C=CC(C2CC=CC=C2C)C1O(505)
    C[C]1C(O)C=C=CC1C1C=CC=C(C)C1(506)
    C[C]1C=C=CC(C2C=CC=C(C)C2)C1O(507)
    C[C]1C(O)C=C=CC1C1C=C(C)C=CC1(508)
    C[C]1C=C=CC(C2C=C(C)C=CC2)C1O(509)
    C[C]1C(O)C=C=CC1C1C=CC(C)=CC1(510)
    C[C]1C=C=CC(C2C=CC(C)=CC2)C1O(511)
    CC1=CC=CC(O[O])C1O(512)
    CC1=CC(O[O])C=CC1O(513)
    CC1(O[O])C=CC=CC1O(514)
Added 0 new core reactions
Created 217 new edge reactions
    CH2(S)(37) + OC1[CH]C=CC=C1(358) <=> MHCHD(4)
    CC1=CC=CC1[CH]O(359) <=> MHCHD(4)
    H(11) + CC1=CC=C[C]C1O(360) <=> MHCHD(4)
    MHCHD(4) <=> CC1=CC2[CH]C2C1O(361)
    MHCHD(4) <=> C[C]1C(O)C2C=CC12(362)
    MHCHD(4) <=> CC12[CH]C=CC1C2O(363)
    C[C]=CC=CC=CO(364) <=> MHCHD(4)
    MHCHD(4) <=> CC1=C(O)[CH]CC=C1(365)
    C=C1C=CC[CH]C1O(366) <=> MHCHD(4)
    H(11) + o-cresol(3) <=> MHCHD(4)
    H(11) + CC1=CC=C=CC1O(367) <=> MHCHD(4)
    OH(8) + CC1=CC=C[CH][CH]1(368) <=> MHCHD(4)
    H(11) + CC1=CC=C[CH]C1[O](369) <=> MHCHD(4)
    H(11) + CC1=CC=C[CH][C]1O(370) <=> MHCHD(4)
    CH3(20) + OC1[C]=CC=C[CH]1(371) <=> MHCHD(4)
    H(11) + [CH2]C1=CC=C[CH]C1O(372) <=> MHCHD(4)
    H(11) + CC1=[C]C=C[CH]C1O(373) <=> MHCHD(4)
    H(11) + CC1=CC=[C][CH]C1O(374) <=> MHCHD(4)
    H(11) + CC1=C[C]=C[CH]C1O(375) <=> MHCHD(4)
    MHCHD(4) <=> CC1=CC=CC[C]1O(376)
    CC1=CC=[C]CC1O(377) <=> MHCHD(4)
    CC1=CC=CCC1[O](378) <=> MHCHD(4)
    CC1=C[C]=CCC1O(379) <=> MHCHD(4)
    [CH2]C1=CC=CCC1O(380) <=> MHCHD(4)
    CC1=[C]C=CCC1O(381) <=> MHCHD(4)
    MHCHD(4) <=> CC12[CH]C1C=CC2O(382)
    H(11) + CC1=C=CC=CC1O(383) <=> MHCHD(4)
    CC1=[C]CC=CC1O(384) <=> MHCHD(4)
    CC1=CC[C]=CC1O(385) <=> MHCHD(4)
    CC1=CCC=[C]C1O(386) <=> MHCHD(4)
    MHCHD(4) <=> CC1=CCC=C[C]1O(387)
    [CH2]C1=CCC=CC1O(388) <=> MHCHD(4)
    CC1=CCC=CC1[O](389) <=> MHCHD(4)
    CC1([CH]O)C=CC=C1(390) <=> MHCHD(4)
    MHCHD(4) <=> CC12C=CC1[CH]C2O(391)
    [CH]=CC=CC(C)=CO(392) <=> MHCHD(4)
    MHCHD(4) <=> C[C]1CC=CC=C1O(393)
    H(11) + C=C1C=CC=CC1O(394) <=> MHCHD(4)
    MHCHD(4) <=> CC1C=CC=C[C]1O(395)
    MHCHD(4) <=> [CH2]C1C=CC=CC1O(396)
    CC1[C]=CC=CC1O(397) <=> MHCHD(4)
    CC1C=CC=CC1[O](398) <=> MHCHD(4)
    CC1C=CC=[C]C1O(399) <=> MHCHD(4)
    CC1C=[C]C=CC1O(400) <=> MHCHD(4)
    CC1C=C[C]=CC1O(401) <=> MHCHD(4)
    tolyl(2) + CC1[CH]C=C[CH]C1O(402) <=> toluene(1) + MHCHD(4)
    tolyl(2) + C[C]1CC=C[CH]C1O(403) <=> toluene(1) + MHCHD(4)
    tolyl(2) + CC1=C[CH]C[CH]C1O(404) <=> toluene(1) + MHCHD(4)
    tolyl(2) + CC1=CC[CH][CH]C1O(405) <=> toluene(1) + MHCHD(4)
    Cc1[c]cccc1(292) + CC1[CH]C=C[CH]C1O(402) <=> toluene(1) + MHCHD(4)
    Cc1[c]cccc1(292) + C[C]1CC=C[CH]C1O(403) <=> toluene(1) + MHCHD(4)
    Cc1[c]cccc1(292) + CC1=C[CH]C[CH]C1O(404) <=> toluene(1) + MHCHD(4)
    Cc1[c]cccc1(292) + CC1=CC[CH][CH]C1O(405) <=> toluene(1) + MHCHD(4)
    Cc1c[c]ccc1(293) + CC1[CH]C=C[CH]C1O(402) <=> toluene(1) + MHCHD(4)
    Cc1c[c]ccc1(293) + C[C]1CC=C[CH]C1O(403) <=> toluene(1) + MHCHD(4)
    Cc1c[c]ccc1(293) + CC1=C[CH]C[CH]C1O(404) <=> toluene(1) + MHCHD(4)
    Cc1c[c]ccc1(293) + CC1=CC[CH][CH]C1O(405) <=> toluene(1) + MHCHD(4)
    Cc1cc[c]cc1(294) + CC1[CH]C=C[CH]C1O(402) <=> toluene(1) + MHCHD(4)
    Cc1cc[c]cc1(294) + C[C]1CC=C[CH]C1O(403) <=> toluene(1) + MHCHD(4)
    Cc1cc[c]cc1(294) + CC1=C[CH]C[CH]C1O(404) <=> toluene(1) + MHCHD(4)
    Cc1cc[c]cc1(294) + CC1=CC[CH][CH]C1O(405) <=> toluene(1) + MHCHD(4)
    CC1=CC=C[C]C1O(360) + CC1[CH]C=CC=C1(310) <=> toluene(1) + MHCHD(4)
    CC1=CC=C[CH][C]1O(370) + CC1[CH]C=CC=C1(310) <=> toluene(1) + MHCHD(4)
    [CH2]C1=CC=C[CH]C1O(372) + CC1[CH]C=CC=C1(310) <=> toluene(1) + MHCHD(4)
    CC1=CC=[C][CH]C1O(374) + CC1[CH]C=CC=C1(310) <=> toluene(1) + MHCHD(4)
    CC1=C[C]=C[CH]C1O(375) + CC1[CH]C=CC=C1(310) <=> toluene(1) + MHCHD(4)
    CC1=[C]C=C[CH]C1O(373) + CC1[CH]C=CC=C1(310) <=> toluene(1) + MHCHD(4)
    CC1=CC=C[CH]C1[O](369) + CC1[CH]C=CC=C1(310) <=> toluene(1) + MHCHD(4)
    CC1=CC=C[C]C1O(360) + C[C]1C=CC=CC1(311) <=> toluene(1) + MHCHD(4)
    CC1=CC=C[CH][C]1O(370) + C[C]1C=CC=CC1(311) <=> toluene(1) + MHCHD(4)
    [CH2]C1=CC=C[CH]C1O(372) + C[C]1C=CC=CC1(311) <=> toluene(1) + MHCHD(4)
    CC1=CC=[C][CH]C1O(374) + C[C]1C=CC=CC1(311) <=> toluene(1) + MHCHD(4)
    CC1=C[C]=C[CH]C1O(375) + C[C]1C=CC=CC1(311) <=> toluene(1) + MHCHD(4)
    CC1=[C]C=C[CH]C1O(373) + C[C]1C=CC=CC1(311) <=> toluene(1) + MHCHD(4)
    CC1=CC=C[CH]C1[O](369) + C[C]1C=CC=CC1(311) <=> toluene(1) + MHCHD(4)
    CC1=CC=C[C]C1O(360) + CC1=CC=CC[CH]1(312) <=> toluene(1) + MHCHD(4)
    CC1=CC=C[CH][C]1O(370) + CC1=CC=CC[CH]1(312) <=> toluene(1) + MHCHD(4)
    [CH2]C1=CC=C[CH]C1O(372) + CC1=CC=CC[CH]1(312) <=> toluene(1) + MHCHD(4)
    CC1=CC=[C][CH]C1O(374) + CC1=CC=CC[CH]1(312) <=> toluene(1) + MHCHD(4)
    CC1=C[C]=C[CH]C1O(375) + CC1=CC=CC[CH]1(312) <=> toluene(1) + MHCHD(4)
    CC1=[C]C=C[CH]C1O(373) + CC1=CC=CC[CH]1(312) <=> toluene(1) + MHCHD(4)
    CC1=CC=C[CH]C1[O](369) + CC1=CC=CC[CH]1(312) <=> toluene(1) + MHCHD(4)
    CC1=CC=C[C]C1O(360) + CC1=C[CH]CC=C1(313) <=> toluene(1) + MHCHD(4)
    CC1=CC=C[CH][C]1O(370) + CC1=C[CH]CC=C1(313) <=> toluene(1) + MHCHD(4)
    [CH2]C1=CC=C[CH]C1O(372) + CC1=C[CH]CC=C1(313) <=> toluene(1) + MHCHD(4)
    CC1=CC=[C][CH]C1O(374) + CC1=C[CH]CC=C1(313) <=> toluene(1) + MHCHD(4)
    CC1=C[C]=C[CH]C1O(375) + CC1=C[CH]CC=C1(313) <=> toluene(1) + MHCHD(4)
    CC1=[C]C=C[CH]C1O(373) + CC1=C[CH]CC=C1(313) <=> toluene(1) + MHCHD(4)
    CC1=CC=C[CH]C1[O](369) + CC1=C[CH]CC=C1(313) <=> toluene(1) + MHCHD(4)
    toluene(1) + MHCHD(4) <=> tolyl(2) + CC1=CC=CCC1O(406)
    toluene(1) + MHCHD(4) <=> Cc1[c]cccc1(292) + CC1=CC=CCC1O(406)
    toluene(1) + MHCHD(4) <=> Cc1c[c]ccc1(293) + CC1=CC=CCC1O(406)
    toluene(1) + MHCHD(4) <=> Cc1cc[c]cc1(294) + CC1=CC=CCC1O(406)
    toluene(1) + MHCHD(4) <=> CC1=CC=CC(C2(C)[CH]C=CC=C2)C1O(407)
    toluene(1) + MHCHD(4) <=> C[C]1C=CC=CC1C1C=CC=C(C)C1O(408)
    toluene(1) + MHCHD(4) <=> CC1=CC=CC(C2C=CC=C(C)C2O)[CH]1(409)
    toluene(1) + MHCHD(4) <=> CC1=C[CH]C(C2C=CC=C(C)C2O)C=C1(410)
    C=C1C=CC=CC1C1(C)CC=C[CH]C1O(411) <=> toluene(1) + MHCHD(4)
    C=C1C=CC=CC1C1C=C[CH]C(O)C1C(412) <=> toluene(1) + MHCHD(4)
    C=C1C=CC=CC1C1[CH]C(O)C(C)=CC1(413) <=> toluene(1) + MHCHD(4)
    C=C1C=CC=CC1C1C=C(C)C(O)[CH]C1(414) <=> toluene(1) + MHCHD(4)
    CC1=C=CC=CC1C1(C)CC=C[CH]C1O(415) <=> toluene(1) + MHCHD(4)
    CC1=C=CC=CC1C1C=C[CH]C(O)C1C(416) <=> toluene(1) + MHCHD(4)
    CC1=C=CC=CC1C1[CH]C(O)C(C)=CC1(417) <=> toluene(1) + MHCHD(4)
    CC1=C=CC=CC1C1C=C(C)C(O)[CH]C1(418) <=> toluene(1) + MHCHD(4)
    CC1=C=CC(C2(C)CC=C[CH]C2O)C=C1(419) <=> toluene(1) + MHCHD(4)
    CC1=C=CC(C2C=C[CH]C(O)C2C)C=C1(420) <=> toluene(1) + MHCHD(4)
    CC1=C=CC(C2[CH]C(O)C(C)=CC2)C=C1(421) <=> toluene(1) + MHCHD(4)
    CC1=C=CC(C2C=C(C)C(O)[CH]C2)C=C1(422) <=> toluene(1) + MHCHD(4)
    CC1(C2(C)CC=C[CH]C2O)C=C=CC=C1(423) <=> toluene(1) + MHCHD(4)
    CC1C(O)[CH]C=CC1C1(C)C=C=CC=C1(424) <=> toluene(1) + MHCHD(4)
    CC1=CCC(C2(C)C=C=CC=C2)[CH]C1O(425) <=> toluene(1) + MHCHD(4)
    CC1=CC(C2(C)C=C=CC=C2)C[CH]C1O(426) <=> toluene(1) + MHCHD(4)
    CC1=CC(C2(C)CC=C[CH]C2O)C=C=C1(427) <=> toluene(1) + MHCHD(4)
    CC1=CC(C2C=C[CH]C(O)C2C)C=C=C1(428) <=> toluene(1) + MHCHD(4)
    CC1=CC(C2[CH]C(O)C(C)=CC2)C=C=C1(429) <=> toluene(1) + MHCHD(4)
    CC1=CC(C2C=C(C)C(O)[CH]C2)C=C=C1(430) <=> toluene(1) + MHCHD(4)
    CC1=CC=C=CC1C1(C)CC=C[CH]C1O(431) <=> toluene(1) + MHCHD(4)
    CC1=CC=C=CC1C1C=C[CH]C(O)C1C(432) <=> toluene(1) + MHCHD(4)
    CC1=CCC(C2C=C=CC=C2C)[CH]C1O(433) <=> toluene(1) + MHCHD(4)
    CC1=CC(C2C=C=CC=C2C)C[CH]C1O(434) <=> toluene(1) + MHCHD(4)
    CC1=C(O)[CH]C=CC1C1(C)C=CC=CC1(435) <=> toluene(1) + MHCHD(4)
    C=C1C(O)[CH]C=CC1C1(C)C=CC=CC1(436) <=> toluene(1) + MHCHD(4)
    CC1=C=CC(C2(C)C=CC=CC2)[CH]C1O(437) <=> toluene(1) + MHCHD(4)
    CC1(C2(C)C=C=C[CH]C2O)C=CC=CC1(438) <=> toluene(1) + MHCHD(4)
    CC1=C(O)[CH]C=CC1C1C=CC=CC1C(439) <=> toluene(1) + MHCHD(4)
    C=C1C(O)[CH]C=CC1C1C=CC=CC1C(440) <=> toluene(1) + MHCHD(4)
    CC1=C=CC(C2C=CC=CC2C)[CH]C1O(441) <=> toluene(1) + MHCHD(4)
    CC1C=CC=CC1C1(C)C=C=C[CH]C1O(442) <=> toluene(1) + MHCHD(4)
    CC1=CC=CCC1C1C=C[CH]C(O)=C1C(443) <=> toluene(1) + MHCHD(4)
    C=C1C(O)[CH]C=CC1C1CC=CC=C1C(444) <=> toluene(1) + MHCHD(4)
    CC1=C=CC(C2CC=CC=C2C)[CH]C1O(445) <=> toluene(1) + MHCHD(4)
    CC1=CC=CCC1C1(C)C=C=C[CH]C1O(446) <=> toluene(1) + MHCHD(4)
    CC1=CC=CC(C2C=C[CH]C(O)=C2C)C1(447) <=> toluene(1) + MHCHD(4)
    C=C1C(O)[CH]C=CC1C1C=CC=C(C)C1(448) <=> toluene(1) + MHCHD(4)
    CC1=C=CC(C2C=CC=C(C)C2)[CH]C1O(449) <=> toluene(1) + MHCHD(4)
    CC1=CC=CC(C2(C)C=C=C[CH]C2O)C1(450) <=> toluene(1) + MHCHD(4)
    CC1=CC(C2C=C[CH]C(O)=C2C)CC=C1(451) <=> toluene(1) + MHCHD(4)
    C=C1C(O)[CH]C=CC1C1C=C(C)C=CC1(452) <=> toluene(1) + MHCHD(4)
    CC1=C=CC(C2C=C(C)C=CC2)[CH]C1O(453) <=> toluene(1) + MHCHD(4)
    CC1=CC(C2(C)C=C=C[CH]C2O)CC=C1(454) <=> toluene(1) + MHCHD(4)
    CC1=CCC(C2C=C[CH]C(O)=C2C)C=C1(455) <=> toluene(1) + MHCHD(4)
    C=C1C(O)[CH]C=CC1C1C=CC(C)=CC1(456) <=> toluene(1) + MHCHD(4)
    CC1=C=CC(C2C=CC(C)=CC2)[CH]C1O(457) <=> toluene(1) + MHCHD(4)
    CC1=CCC(C2(C)C=C=C[CH]C2O)C=C1(458) <=> toluene(1) + MHCHD(4)
    tolyl(2) + CC1=C[CH][CH]CC1O(459) <=> toluene(1) + MHCHD(4)
    Cc1[c]cccc1(292) + CC1=C[CH][CH]CC1O(459) <=> toluene(1) + MHCHD(4)
    Cc1c[c]ccc1(293) + CC1=C[CH][CH]CC1O(459) <=> toluene(1) + MHCHD(4)
    Cc1cc[c]cc1(294) + CC1=C[CH][CH]CC1O(459) <=> toluene(1) + MHCHD(4)
    tolyl(2) + CC1=CCC=CC1O(460) <=> toluene(1) + MHCHD(4)
    Cc1[c]cccc1(292) + CC1=CCC=CC1O(460) <=> toluene(1) + MHCHD(4)
    Cc1c[c]ccc1(293) + CC1=CCC=CC1O(460) <=> toluene(1) + MHCHD(4)
    Cc1cc[c]cc1(294) + CC1=CCC=CC1O(460) <=> toluene(1) + MHCHD(4)
    toluene(1) + MHCHD(4) <=> CC1=CC(C2(C)[CH]C=CC=C2)C=CC1O(461)
    toluene(1) + MHCHD(4) <=> C[C]1C=CC=CC1C1C=CC(O)C(C)=C1(462)
    toluene(1) + MHCHD(4) <=> CC1=CC=CC(C2C=CC(O)C(C)=C2)[CH]1(463)
    toluene(1) + MHCHD(4) <=> CC1=C[CH]C(C2C=CC(O)C(C)=C2)C=C1(464)
    C=C1C=CC=CC1C1C[CH]C=C(C)C1O(465) <=> toluene(1) + MHCHD(4)
    C=C1C=CC=CC1C1[CH]C=C(C)C(O)C1(466) <=> toluene(1) + MHCHD(4)
    CC1=C=CC=CC1C1C[CH]C=C(C)C1O(467) <=> toluene(1) + MHCHD(4)
    CC1=C=CC=CC1C1[CH]C=C(C)C(O)C1(468) <=> toluene(1) + MHCHD(4)
    CC1=C=CC(C2C[CH]C=C(C)C2O)C=C1(469) <=> toluene(1) + MHCHD(4)
    CC1=C=CC(C2[CH]C=C(C)C(O)C2)C=C1(470) <=> toluene(1) + MHCHD(4)
    CC1=C[CH]CC(C2(C)C=C=CC=C2)C1O(471) <=> toluene(1) + MHCHD(4)
    CC1=C[CH]C(C2(C)C=C=CC=C2)CC1O(472) <=> toluene(1) + MHCHD(4)
    CC1=CC(C2C[CH]C=C(C)C2O)C=C=C1(473) <=> toluene(1) + MHCHD(4)
    CC1=CC(C2[CH]C=C(C)C(O)C2)C=C=C1(474) <=> toluene(1) + MHCHD(4)
    CC1=C[CH]CC(C2C=C=CC=C2C)C1O(475) <=> toluene(1) + MHCHD(4)
    CC1=C[CH]C(C2C=C=CC=C2C)CC1O(476) <=> toluene(1) + MHCHD(4)
    CC1=C[CH]C(C2(C)C=CC=CC2)C=C1O(477) <=> toluene(1) + MHCHD(4)
    CC1=C[CH]C(C2C=CC=CC2C)C=C1O(478) <=> toluene(1) + MHCHD(4)
    CC1=C[CH]C(C2CC=CC=C2C)C=C1O(479) <=> toluene(1) + MHCHD(4)
    CC1=CC=CC(C2[CH]C=C(C)C(O)=C2)C1(480) <=> toluene(1) + MHCHD(4)
    CC1=CC(C2[CH]C=C(C)C(O)=C2)CC=C1(481) <=> toluene(1) + MHCHD(4)
    CC1=CCC(C2[CH]C=C(C)C(O)=C2)C=C1(482) <=> toluene(1) + MHCHD(4)
    tolyl(2) + CC1C=CC=CC1O(483) <=> toluene(1) + MHCHD(4)
    Cc1[c]cccc1(292) + CC1C=CC=CC1O(483) <=> toluene(1) + MHCHD(4)
    Cc1c[c]ccc1(293) + CC1C=CC=CC1O(483) <=> toluene(1) + MHCHD(4)
    Cc1cc[c]cc1(294) + CC1C=CC=CC1O(483) <=> toluene(1) + MHCHD(4)
    toluene(1) + MHCHD(4) <=> CC1(C2(C)C=CC=CC2O)[CH]C=CC=C1(484)
    toluene(1) + MHCHD(4) <=> C[C]1C=CC=CC1C1(C)C=CC=CC1O(485)
    toluene(1) + MHCHD(4) <=> CC1=CC=CC(C2(C)C=CC=CC2O)[CH]1(486)
    toluene(1) + MHCHD(4) <=> CC1=C[CH]C(C2(C)C=CC=CC2O)C=C1(487)
    C=C1C=CC=CC1C1CC=CC(O)[C]1C(488) <=> toluene(1) + MHCHD(4)
    C=C1C=CC=CC1C1C=CC(O)[C](C)C1(489) <=> toluene(1) + MHCHD(4)
    C[C]1C(O)C=CCC1C1C=CC=C=C1C(490) <=> toluene(1) + MHCHD(4)
    C[C]1CC(C2C=CC=C=C2C)C=CC1O(491) <=> toluene(1) + MHCHD(4)
    C[C]1C(O)C=CCC1C1C=C=C(C)C=C1(492) <=> toluene(1) + MHCHD(4)
    C[C]1CC(C2C=C=C(C)C=C2)C=CC1O(493) <=> toluene(1) + MHCHD(4)
    C[C]1C(O)C=CCC1C1(C)C=C=CC=C1(494) <=> toluene(1) + MHCHD(4)
    C[C]1CC(C2(C)C=C=CC=C2)C=CC1O(495) <=> toluene(1) + MHCHD(4)
    C[C]1C(O)C=CCC1C1C=C=CC(C)=C1(496) <=> toluene(1) + MHCHD(4)
    C[C]1CC(C2C=C=CC(C)=C2)C=CC1O(497) <=> toluene(1) + MHCHD(4)
    C[C]1C(O)C=CCC1C1C=C=CC=C1C(498) <=> toluene(1) + MHCHD(4)
    C[C]1CC(C2C=C=CC=C2C)C=CC1O(499) <=> toluene(1) + MHCHD(4)
    C[C]1C(O)C=C=CC1C1(C)C=CC=CC1(500) <=> toluene(1) + MHCHD(4)
    C[C]1C=C=CC(C2(C)C=CC=CC2)C1O(501) <=> toluene(1) + MHCHD(4)
    C[C]1C(O)C=C=CC1C1C=CC=CC1C(502) <=> toluene(1) + MHCHD(4)
    C[C]1C=C=CC(C2C=CC=CC2C)C1O(503) <=> toluene(1) + MHCHD(4)
    C[C]1C(O)C=C=CC1C1CC=CC=C1C(504) <=> toluene(1) + MHCHD(4)
    C[C]1C=C=CC(C2CC=CC=C2C)C1O(505) <=> toluene(1) + MHCHD(4)
    C[C]1C(O)C=C=CC1C1C=CC=C(C)C1(506) <=> toluene(1) + MHCHD(4)
    C[C]1C=C=CC(C2C=CC=C(C)C2)C1O(507) <=> toluene(1) + MHCHD(4)
    C[C]1C(O)C=C=CC1C1C=C(C)C=CC1(508) <=> toluene(1) + MHCHD(4)
    C[C]1C=C=CC(C2C=C(C)C=CC2)C1O(509) <=> toluene(1) + MHCHD(4)
    C[C]1C(O)C=C=CC1C1C=CC(C)=CC1(510) <=> toluene(1) + MHCHD(4)
    C[C]1C=C=CC(C2C=CC(C)=CC2)C1O(511) <=> toluene(1) + MHCHD(4)
    O2(6) + MHCHD(4) <=> HO2(15) + o-cresol(3)
    O2(6) + MHCHD(4) <=> HO2(15) + CC1=CC=C=CC1O(367)
    HO2(15) + CC1=CC=C[C]C1O(360) <=> O2(6) + MHCHD(4)
    HO2(15) + CC1=CC=C[CH]C1[O](369) <=> O2(6) + MHCHD(4)
    HO2(15) + CC1=C[C]=C[CH]C1O(375) <=> O2(6) + MHCHD(4)
    O2(6) + MHCHD(4) <=> CC1=CC=CC(O[O])C1O(512)
    O2(6) + MHCHD(4) <=> HO2(15) + CC1=C=CC=CC1O(383)
    O2(6) + MHCHD(4) <=> CC1=CC(O[O])C=CC1O(513)
    O2(6) + MHCHD(4) <=> HO2(15) + C=C1C=CC=CC1O(394)
    O2(6) + MHCHD(4) <=> CC1(O[O])C=CC=CC1O(514)

After model enlargement:
    The model core has 14 species and 1 reactions
    The model edge has 503 species and 1897 reactions


Saving current model core to Chemkin file...
Chemkin file contains 1 reactions.
Saving annotated version of Chemkin file...
Chemkin file contains 1 reactions.
Saving current model core and edge to Chemkin file...
Chemkin file contains 1904 reactions.
Saving annotated version of Chemkin file...
Chemkin file contains 1904 reactions.
Saving current model core to HTML file...
Saving current model edge to HTML file...
Updating RMG execution statistics...
    Execution time (DD:HH:MM:SS): 00:00:01:24
    Memory used: 817.32 MB
Generating plots of execution statistics...

Making seed mechanism...
Conducting simulation of reaction system 1...
At time 0.0000e+00 s, species O(12) at 0.9818072520059711 exceeded the minimum rate for simulation interruption of 0.03
At time 0.0000e+00 s, species H2O(14) at 6162.852099599681 exceeded the minimum rate for simulation interruption of 0.03
At time 0.0000e+00 s, species H2O2(16) at 1.9832970296557182 exceeded the minimum rate for simulation interruption of 0.03
At time 0.0000e+00 s, species Cc1[c]cccc1(292) at 34.93407019107093 exceeded the minimum rate for simulation interruption of 0.03
At time 0.0000e+00 s, species Cc1c[c]ccc1(293) at 115.80349745485313 exceeded the minimum rate for simulation interruption of 0.03
At time 0.0000e+00 s, species Cc1cc[c]cc1(294) at 83.45041443818428 exceeded the minimum rate for simulation interruption of 0.03
At time 0.0000e+00 s, species CC1=C[CH]C(O)C=C1(356) at 0.1516133088941081 exceeded the minimum rate for simulation interruption of 0.03
Exceeded max number of objects...removing excess objects
Reached max number of objects...preparing to terminate
At time 0.0000e+00 s, species H2O(14) at rate ratio 6162.852099599681 exceeded the minimum rate for moving to model core of 0.03
terminating simulation due to interrupt...


Adding species H2O(14) to model core

Summary of Model Enlargement
---------------------------------
Added 1 new core species
    H2O(14)
Created 0 new edge species
Moved 1 reactions from edge to core
    OH(8) + toluene(1) <=> H2O(14) + tolyl(2)
Added 0 new core reactions
Created 0 new edge reactions

After model enlargement:
    The model core has 15 species and 2 reactions
    The model edge has 502 species and 1896 reactions


At time 1.0000e+02 s, reached target termination time.
    toluene(1) conversion: 8.26e-07  

For reaction generation 1 process is used.
Generating thermo for new species...
Generating kinetics for new reactions...
For reaction tolyl(2) <=> [CH]1C=CC2=CC1C2(517), Ea raised from 347.7 to 348.4 kJ/mol to match endothermicity of reaction.
For reaction tolyl(2) <=> C=C1C=CC2[CH]C12(521), Ea raised from 252.6 to 253.5 kJ/mol to match endothermicity of reaction.
For reaction tolyl(2) <=> C1=CC2C=C[C]1C2(522), Ea raised from 156.4 to 157.8 kJ/mol to match endothermicity of reaction.
For reaction tolyl(2) <=> [CH2]C12C=CC1C=C2(523), Ea raised from 369.8 to 370.7 kJ/mol to match endothermicity of reaction.
For reaction tolyl(2) <=> C=C1[CH]C2C=CC12(529), Ea raised from 282.4 to 282.9 kJ/mol to match endothermicity of reaction.
For reaction tolyl(2) + toluene(1) <=> C=C1C=CC(C2(C)[CH]C=CC=C2)C=C1(608), Ea raised from 109.0 to 110.1 kJ/mol to match endothermicity of reaction.
For reaction tolyl(2) + toluene(1) <=> C=C1C=CC(C2C=CC=C[C]2C)C=C1(609), Ea raised from 103.1 to 103.8 kJ/mol to match endothermicity of reaction.
For reaction tolyl(2) + toluene(1) <=> C=C1C=CC(C2[CH]C(C)=CC=C2)C=C1(610), Ea raised from 103.1 to 103.8 kJ/mol to match endothermicity of reaction.
For reaction tolyl(2) + toluene(1) <=> C=C1C=CC(C2[CH]C=C(C)C=C2)C=C1(611), Ea raised from 104.6 to 105.2 kJ/mol to match endothermicity of reaction.
For reaction tolyl(2) + toluene(1) <=> C=C1C=CC=CC1C1(C)C=C[CH]C=C1(612), Ea raised from 125.5 to 126.2 kJ/mol to match endothermicity of reaction.
For reaction tolyl(2) + toluene(1) <=> C=C1C=CC=CC1C1C=CC=C[C]1C(631), Ea raised from 119.6 to 119.9 kJ/mol to match endothermicity of reaction.
For reaction tolyl(2) + toluene(1) <=> C=C1C=CC=CC1C1[CH]C(C)=CC=C1(632), Ea raised from 119.6 to 119.9 kJ/mol to match endothermicity of reaction.
For reaction tolyl(2) + toluene(1) <=> C=C1C=CC=CC1C1[CH]C=C(C)C=C1(633), Ea raised from 121.1 to 121.3 kJ/mol to match endothermicity of reaction.

Summary of Secondary Model Edge Enlargement
---------------------------------
Added 0 new core species
Created 121 new edge species
    [CH]c1ccccc1(515)
    C1=C[C]2CC2C=C1(516)
    [CH]1C=CC2=CC1C2(517)
    [CH2]c1[c]cccc1(518)
    [CH2]c1c[c]ccc1(519)
    [CH2]c1cc[c]cc1(520)
    C=C1C=CC2[CH]C12(521)
    C1=CC2C=C[C]1C2(522)
    [CH2]C12C=CC1C=C2(523)
    C=C1C=C=CC=C1(524)
    C=C1C=[C]CC=C1(525)
    C=C1[C]=CCC=C1(526)
    [CH]=C1C=CCC=C1(527)
    C=[C]C1C=CC=C1(528)
    C=C1[CH]C2C=CC12(529)
    C=C1C2[CH]C=CC12(530)
    [CH]=CC=CC=C=C(531)
    C=C1C=CC=[C]C1(532)
    C=C1[C]=CC=CC1(533)
    [CH]=C1C=CC=CC1(534)
    C=C1C=C[C]=CC1(535)
    C=C1C=[C]C=CC1(536)
    CC1(Cc2ccccc2)[CH]C=CC=C1(537)
    C[C]1C=CC=CC1Cc1ccccc1(538)
    CC1=CC=CC(Cc2ccccc2)[CH]1(539)
    CC1=C[CH]C(Cc2ccccc2)C=C1(540)
    [CH2]C1(C2C=CC=CC2=C)C=CC=CC1(541)
    [CH2]C1C=CC=CC1C1C=CC=CC1=C(542)
    [CH2]C1=CC=CCC1C1C=CC=CC1=C(543)
    [CH2]C1=CC=CC(C2C=CC=CC2=C)C1(544)
    [CH2]C1=CC(C2C=CC=CC2=C)CC=C1(545)
    [CH2]C1=CCC(C2C=CC=CC2=C)C=C1(546)
    [CH2]C1(C2C=CC=C=C2C)C=CC=CC1(547)
    [CH2]C1C=CC=CC1C1C=CC=C=C1C(548)
    [CH2]C1=CC=CCC1C1C=CC=C=C1C(549)
    [CH2]C1=CC=CC(C2C=CC=C=C2C)C1(550)
    [CH2]C1=CC(C2C=CC=C=C2C)CC=C1(551)
    [CH2]C1=CCC(C2C=CC=C=C2C)C=C1(552)
    [CH2]C1(C2C=C=C(C)C=C2)C=CC=CC1(553)
    [CH2]C1C=CC=CC1C1C=C=C(C)C=C1(554)
    [CH2]C1=CC=CCC1C1C=C=C(C)C=C1(555)
    [CH2]C1=CC=CC(C2C=C=C(C)C=C2)C1(556)
    [CH2]C1=CC(C2C=C=C(C)C=C2)CC=C1(557)
    [CH2]C1=CCC(C2C=C=C(C)C=C2)C=C1(558)
    [CH2]C1(C2(C)C=C=CC=C2)C=CC=CC1(559)
    [CH2]C1C=CC=CC1C1(C)C=C=CC=C1(560)
    [CH2]C1=CC=CCC1C1(C)C=C=CC=C1(561)
    [CH2]C1=CC=CC(C2(C)C=C=CC=C2)C1(562)
    [CH2]C1=CC(C2(C)C=C=CC=C2)CC=C1(563)
    [CH2]C1=CCC(C2(C)C=C=CC=C2)C=C1(564)
    [CH2]C1(C2C=C=CC(C)=C2)C=CC=CC1(565)
    [CH2]C1C=CC=CC1C1C=C=CC(C)=C1(566)
    [CH2]C1=CC=CCC1C1C=C=CC(C)=C1(567)
    [CH2]C1=CC=CC(C2C=C=CC(C)=C2)C1(568)
    [CH2]C1=CC(C2C=C=CC(C)=C2)CC=C1(569)
    [CH2]C1=CCC(C2C=C=CC(C)=C2)C=C1(570)
    [CH2]C1(C2C=C=CC=C2C)C=CC=CC1(571)
    [CH2]C1C=CC=CC1C1C=C=CC=C1C(572)
    [CH2]C1=CC=CCC1C1C=C=CC=C1C(573)
    [CH2]C1=CC=CC(C2C=C=CC=C2C)C1(574)
    [CH2]C1=CC(C2C=C=CC=C2C)CC=C1(575)
    [CH2]C1=CCC(C2C=C=CC=C2C)C=C1(576)
    [CH2]C1=C=CC=CC1C1(C)C=CC=CC1(577)
    [CH2]C1=C=CC(C2(C)C=CC=CC2)C=C1(578)
    [CH2]C1(C2(C)C=CC=CC2)C=C=CC=C1(579)
    [CH2]C1=CC(C2(C)C=CC=CC2)C=C=C1(580)
    [CH2]C1=CC=C=CC1C1(C)C=CC=CC1(581)
    [CH2]C1=C=CC=CC1C1C=CC=CC1C(582)
    [CH2]C1=C=CC(C2C=CC=CC2C)C=C1(583)
    [CH2]C1(C2C=CC=CC2C)C=C=CC=C1(584)
    [CH2]C1=CC(C2C=CC=CC2C)C=C=C1(585)
    [CH2]C1=CC=C=CC1C1C=CC=CC1C(586)
    [CH2]C1=C=CC=CC1C1CC=CC=C1C(587)
    [CH2]C1=C=CC(C2CC=CC=C2C)C=C1(588)
    [CH2]C1(C2CC=CC=C2C)C=C=CC=C1(589)
    [CH2]C1=CC(C2CC=CC=C2C)C=C=C1(590)
    [CH2]C1=CC=C=CC1C1CC=CC=C1C(591)
    [CH2]C1=C=CC=CC1C1C=CC=C(C)C1(592)
    [CH2]C1=C=CC(C2C=CC=C(C)C2)C=C1(593)
    [CH2]C1(C2C=CC=C(C)C2)C=C=CC=C1(594)
    [CH2]C1=CC(C2C=CC=C(C)C2)C=C=C1(595)
    [CH2]C1=CC=C=CC1C1C=CC=C(C)C1(596)
    [CH2]C1=C=CC=CC1C1C=C(C)C=CC1(597)
    [CH2]C1=C=CC(C2C=C(C)C=CC2)C=C1(598)
    [CH2]C1(C2C=C(C)C=CC2)C=C=CC=C1(599)
    [CH2]C1=CC(C2C=C(C)C=CC2)C=C=C1(600)
    [CH2]C1=CC=C=CC1C1C=C(C)C=CC1(601)
    [CH2]C1=C=CC=CC1C1C=CC(C)=CC1(602)
    [CH2]C1=C=CC(C2C=CC(C)=CC2)C=C1(603)
    [CH2]C1(C2C=CC(C)=CC2)C=C=CC=C1(604)
    [CH2]C1=CC(C2C=CC(C)=CC2)C=C=C1(605)
    [CH2]C1=CC=C=CC1C1C=CC(C)=CC1(606)
    C=C1C=CCC=C1(607)
    C=C1C=CC(C2(C)[CH]C=CC=C2)C=C1(608)
    C=C1C=CC(C2C=CC=C[C]2C)C=C1(609)
    C=C1C=CC(C2[CH]C(C)=CC=C2)C=C1(610)
    C=C1C=CC(C2[CH]C=C(C)C=C2)C=C1(611)
    C=C1C=CC=CC1C1(C)C=C[CH]C=C1(612)
    C=C1C=CC=CC1CC1C=C[CH]C=C1(613)
    CC1=C=CC=CC1C1(C)C=C[CH]C=C1(614)
    CC1=C=CC=CC1CC1C=C[CH]C=C1(615)
    CC1=C=CC(C2(C)C=C[CH]C=C2)C=C1(616)
    CC1=C=CC(CC2C=C[CH]C=C2)C=C1(617)
    CC1(C2(C)C=C[CH]C=C2)C=C=CC=C1(618)
    CC1(CC2C=C[CH]C=C2)C=C=CC=C1(619)
    CC1=CC(C2(C)C=C[CH]C=C2)C=C=C1(620)
    CC1=CC(CC2C=C[CH]C=C2)C=C=C1(621)
    CC1=CC=C=CC1C1(C)C=C[CH]C=C1(622)
    CC1=CC=C=CC1CC1C=C[CH]C=C1(623)
    CC1(CC2=C=C[CH]C=C2)C=CC=CC1(624)
    CC1C=CC=CC1CC1=C=C[CH]C=C1(625)
    CC1=CC=CCC1CC1=C=C[CH]C=C1(626)
    CC1=CC=CC(CC2=C=C[CH]C=C2)C1(627)
    CC1=CC(CC2=C=C[CH]C=C2)CC=C1(628)
    CC1=CCC(CC2=C=C[CH]C=C2)C=C1(629)
    C=C1C=CC=CC1(630)
    C=C1C=CC=CC1C1C=CC=C[C]1C(631)
    C=C1C=CC=CC1C1[CH]C(C)=CC=C1(632)
    C=C1C=CC=CC1C1[CH]C=C(C)C=C1(633)
    C=C1C=CC(O[O])C=C1(634)
    C=C1C=CC=CC1O[O](635)
Added 1 new core reactions
    O2(6) + tolyl(2) <=> tolylperoxy(7)
Created 180 new edge reactions
    CH2(36) + [c]1ccccc1(291) <=> tolyl(2)
    H(11) + [CH]c1ccccc1(515) <=> tolyl(2)
    C1=C[C]2CC2C=C1(516) <=> tolyl(2)
    tolyl(2) <=> [CH]1C=CC2=CC1C2(517)
    H(11) + [CH2]c1[c]cccc1(518) <=> tolyl(2)
    H(11) + [CH2]c1c[c]ccc1(519) <=> tolyl(2)
    H(11) + [CH2]c1cc[c]cc1(520) <=> tolyl(2)
    Cc1[c]cccc1(292) <=> tolyl(2)
    Cc1c[c]ccc1(293) <=> tolyl(2)
    Cc1cc[c]cc1(294) <=> tolyl(2)
    tolyl(2) <=> C=C1C=CC2[CH]C12(521)
    tolyl(2) <=> C1=CC2C=C[C]1C2(522)
    tolyl(2) <=> [CH2]C12C=CC1C=C2(523)
    H(11) + C=C1C=C=CC=C1(524) <=> tolyl(2)
    C=C1C=[C]CC=C1(525) <=> tolyl(2)
    C=C1[C]=CCC=C1(526) <=> tolyl(2)
    [CH]=C1C=CCC=C1(527) <=> tolyl(2)
    C=[C]C1C=CC=C1(528) <=> tolyl(2)
    tolyl(2) <=> C=C1[CH]C2C=CC12(529)
    tolyl(2) <=> C=C1C2[CH]C=CC12(530)
    [CH]=CC=CC=C=C(531) <=> tolyl(2)
    C=C1C=CC=[C]C1(532) <=> tolyl(2)
    C=C1[C]=CC=CC1(533) <=> tolyl(2)
    [CH]=C1C=CC=CC1(534) <=> tolyl(2)
    C=C1C=C[C]=CC1(535) <=> tolyl(2)
    C=C1C=[C]C=CC1(536) <=> tolyl(2)
    tolyl(2) + [CH2]C1[CH]C=CC=C1(274) <=> tolyl(2) + toluene(1)
    tolyl(2) + [CH2]C1=CC=C[CH]C1(280) <=> tolyl(2) + toluene(1)
    tolyl(2) + [CH2]C1=CC=CC[CH]1(286) <=> tolyl(2) + toluene(1)
    tolyl(2) + [CH2]C1=C[CH]CC=C1(290) <=> tolyl(2) + toluene(1)
    Cc1[c]cccc1(292) + [CH2]C1[CH]C=CC=C1(274) <=> tolyl(2) + toluene(1)
    Cc1[c]cccc1(292) + [CH2]C1=CC=C[CH]C1(280) <=> tolyl(2) + toluene(1)
    Cc1[c]cccc1(292) + [CH2]C1=CC=CC[CH]1(286) <=> tolyl(2) + toluene(1)
    Cc1[c]cccc1(292) + [CH2]C1=C[CH]CC=C1(290) <=> tolyl(2) + toluene(1)
    Cc1c[c]ccc1(293) + [CH2]C1[CH]C=CC=C1(274) <=> tolyl(2) + toluene(1)
    Cc1c[c]ccc1(293) + [CH2]C1=CC=C[CH]C1(280) <=> tolyl(2) + toluene(1)
    Cc1c[c]ccc1(293) + [CH2]C1=CC=CC[CH]1(286) <=> tolyl(2) + toluene(1)
    Cc1c[c]ccc1(293) + [CH2]C1=C[CH]CC=C1(290) <=> tolyl(2) + toluene(1)
    Cc1cc[c]cc1(294) + [CH2]C1[CH]C=CC=C1(274) <=> tolyl(2) + toluene(1)
    Cc1cc[c]cc1(294) + [CH2]C1=CC=C[CH]C1(280) <=> tolyl(2) + toluene(1)
    Cc1cc[c]cc1(294) + [CH2]C1=CC=CC[CH]1(286) <=> tolyl(2) + toluene(1)
    Cc1cc[c]cc1(294) + [CH2]C1=C[CH]CC=C1(290) <=> tolyl(2) + toluene(1)
    [CH]c1ccccc1(515) + CC1[CH]C=CC=C1(310) <=> tolyl(2) + toluene(1)
    [CH2]c1[c]cccc1(518) + CC1[CH]C=CC=C1(310) <=> tolyl(2) + toluene(1)
    [CH2]c1c[c]ccc1(519) + CC1[CH]C=CC=C1(310) <=> tolyl(2) + toluene(1)
    [CH2]c1cc[c]cc1(520) + CC1[CH]C=CC=C1(310) <=> tolyl(2) + toluene(1)
    [CH]c1ccccc1(515) + C[C]1C=CC=CC1(311) <=> tolyl(2) + toluene(1)
    [CH2]c1[c]cccc1(518) + C[C]1C=CC=CC1(311) <=> tolyl(2) + toluene(1)
    [CH2]c1c[c]ccc1(519) + C[C]1C=CC=CC1(311) <=> tolyl(2) + toluene(1)
    [CH2]c1cc[c]cc1(520) + C[C]1C=CC=CC1(311) <=> tolyl(2) + toluene(1)
    [CH]c1ccccc1(515) + CC1=CC=CC[CH]1(312) <=> tolyl(2) + toluene(1)
    [CH2]c1[c]cccc1(518) + CC1=CC=CC[CH]1(312) <=> tolyl(2) + toluene(1)
    [CH2]c1c[c]ccc1(519) + CC1=CC=CC[CH]1(312) <=> tolyl(2) + toluene(1)
    [CH2]c1cc[c]cc1(520) + CC1=CC=CC[CH]1(312) <=> tolyl(2) + toluene(1)
    [CH]c1ccccc1(515) + CC1=C[CH]CC=C1(313) <=> tolyl(2) + toluene(1)
    [CH2]c1[c]cccc1(518) + CC1=C[CH]CC=C1(313) <=> tolyl(2) + toluene(1)
    [CH2]c1c[c]ccc1(519) + CC1=C[CH]CC=C1(313) <=> tolyl(2) + toluene(1)
    [CH2]c1cc[c]cc1(520) + CC1=C[CH]CC=C1(313) <=> tolyl(2) + toluene(1)
    Cc1[c]cccc1(292) + toluene(1) <=> tolyl(2) + toluene(1)
    Cc1c[c]ccc1(293) + toluene(1) <=> tolyl(2) + toluene(1)
    Cc1cc[c]cc1(294) + toluene(1) <=> tolyl(2) + toluene(1)
    tolyl(2) + toluene(1) <=> CC1(Cc2ccccc2)[CH]C=CC=C1(537)
    tolyl(2) + toluene(1) <=> C[C]1C=CC=CC1Cc1ccccc1(538)
    tolyl(2) + toluene(1) <=> CC1=CC=CC(Cc2ccccc2)[CH]1(539)
    tolyl(2) + toluene(1) <=> CC1=C[CH]C(Cc2ccccc2)C=C1(540)
    [CH2]C1(C2C=CC=CC2=C)C=CC=CC1(541) <=> tolyl(2) + toluene(1)
    [CH2]C1C=CC=CC1C1C=CC=CC1=C(542) <=> tolyl(2) + toluene(1)
    [CH2]C1=CC=CCC1C1C=CC=CC1=C(543) <=> tolyl(2) + toluene(1)
    [CH2]C1=CC=CC(C2C=CC=CC2=C)C1(544) <=> tolyl(2) + toluene(1)
    [CH2]C1=CC(C2C=CC=CC2=C)CC=C1(545) <=> tolyl(2) + toluene(1)
    [CH2]C1=CCC(C2C=CC=CC2=C)C=C1(546) <=> tolyl(2) + toluene(1)
    [CH2]C1(C2C=CC=C=C2C)C=CC=CC1(547) <=> tolyl(2) + toluene(1)
    [CH2]C1C=CC=CC1C1C=CC=C=C1C(548) <=> tolyl(2) + toluene(1)
    [CH2]C1=CC=CCC1C1C=CC=C=C1C(549) <=> tolyl(2) + toluene(1)
    [CH2]C1=CC=CC(C2C=CC=C=C2C)C1(550) <=> tolyl(2) + toluene(1)
    [CH2]C1=CC(C2C=CC=C=C2C)CC=C1(551) <=> tolyl(2) + toluene(1)
    [CH2]C1=CCC(C2C=CC=C=C2C)C=C1(552) <=> tolyl(2) + toluene(1)
    [CH2]C1(C2C=C=C(C)C=C2)C=CC=CC1(553) <=> tolyl(2) + toluene(1)
    [CH2]C1C=CC=CC1C1C=C=C(C)C=C1(554) <=> tolyl(2) + toluene(1)
    [CH2]C1=CC=CCC1C1C=C=C(C)C=C1(555) <=> tolyl(2) + toluene(1)
    [CH2]C1=CC=CC(C2C=C=C(C)C=C2)C1(556) <=> tolyl(2) + toluene(1)
    [CH2]C1=CC(C2C=C=C(C)C=C2)CC=C1(557) <=> tolyl(2) + toluene(1)
    [CH2]C1=CCC(C2C=C=C(C)C=C2)C=C1(558) <=> tolyl(2) + toluene(1)
    [CH2]C1(C2(C)C=C=CC=C2)C=CC=CC1(559) <=> tolyl(2) + toluene(1)
    [CH2]C1C=CC=CC1C1(C)C=C=CC=C1(560) <=> tolyl(2) + toluene(1)
    [CH2]C1=CC=CCC1C1(C)C=C=CC=C1(561) <=> tolyl(2) + toluene(1)
    [CH2]C1=CC=CC(C2(C)C=C=CC=C2)C1(562) <=> tolyl(2) + toluene(1)
    [CH2]C1=CC(C2(C)C=C=CC=C2)CC=C1(563) <=> tolyl(2) + toluene(1)
    [CH2]C1=CCC(C2(C)C=C=CC=C2)C=C1(564) <=> tolyl(2) + toluene(1)
    [CH2]C1(C2C=C=CC(C)=C2)C=CC=CC1(565) <=> tolyl(2) + toluene(1)
    [CH2]C1C=CC=CC1C1C=C=CC(C)=C1(566) <=> tolyl(2) + toluene(1)
    [CH2]C1=CC=CCC1C1C=C=CC(C)=C1(567) <=> tolyl(2) + toluene(1)
    [CH2]C1=CC=CC(C2C=C=CC(C)=C2)C1(568) <=> tolyl(2) + toluene(1)
    [CH2]C1=CC(C2C=C=CC(C)=C2)CC=C1(569) <=> tolyl(2) + toluene(1)
    [CH2]C1=CCC(C2C=C=CC(C)=C2)C=C1(570) <=> tolyl(2) + toluene(1)
    [CH2]C1(C2C=C=CC=C2C)C=CC=CC1(571) <=> tolyl(2) + toluene(1)
    [CH2]C1C=CC=CC1C1C=C=CC=C1C(572) <=> tolyl(2) + toluene(1)
    [CH2]C1=CC=CCC1C1C=C=CC=C1C(573) <=> tolyl(2) + toluene(1)
    [CH2]C1=CC=CC(C2C=C=CC=C2C)C1(574) <=> tolyl(2) + toluene(1)
    [CH2]C1=CC(C2C=C=CC=C2C)CC=C1(575) <=> tolyl(2) + toluene(1)
    [CH2]C1=CCC(C2C=C=CC=C2C)C=C1(576) <=> tolyl(2) + toluene(1)
    [CH2]C1=C=CC=CC1C1(C)C=CC=CC1(577) <=> tolyl(2) + toluene(1)
    [CH2]C1=C=CC(C2(C)C=CC=CC2)C=C1(578) <=> tolyl(2) + toluene(1)
    [CH2]C1(C2(C)C=CC=CC2)C=C=CC=C1(579) <=> tolyl(2) + toluene(1)
    [CH2]C1=CC(C2(C)C=CC=CC2)C=C=C1(580) <=> tolyl(2) + toluene(1)
    [CH2]C1=CC=C=CC1C1(C)C=CC=CC1(581) <=> tolyl(2) + toluene(1)
    [CH2]C1=C=CC=CC1C1C=CC=CC1C(582) <=> tolyl(2) + toluene(1)
    [CH2]C1=C=CC(C2C=CC=CC2C)C=C1(583) <=> tolyl(2) + toluene(1)
    [CH2]C1(C2C=CC=CC2C)C=C=CC=C1(584) <=> tolyl(2) + toluene(1)
    [CH2]C1=CC(C2C=CC=CC2C)C=C=C1(585) <=> tolyl(2) + toluene(1)
    [CH2]C1=CC=C=CC1C1C=CC=CC1C(586) <=> tolyl(2) + toluene(1)
    [CH2]C1=C=CC=CC1C1CC=CC=C1C(587) <=> tolyl(2) + toluene(1)
    [CH2]C1=C=CC(C2CC=CC=C2C)C=C1(588) <=> tolyl(2) + toluene(1)
    [CH2]C1(C2CC=CC=C2C)C=C=CC=C1(589) <=> tolyl(2) + toluene(1)
    [CH2]C1=CC(C2CC=CC=C2C)C=C=C1(590) <=> tolyl(2) + toluene(1)
    [CH2]C1=CC=C=CC1C1CC=CC=C1C(591) <=> tolyl(2) + toluene(1)
    [CH2]C1=C=CC=CC1C1C=CC=C(C)C1(592) <=> tolyl(2) + toluene(1)
    [CH2]C1=C=CC(C2C=CC=C(C)C2)C=C1(593) <=> tolyl(2) + toluene(1)
    [CH2]C1(C2C=CC=C(C)C2)C=C=CC=C1(594) <=> tolyl(2) + toluene(1)
    [CH2]C1=CC(C2C=CC=C(C)C2)C=C=C1(595) <=> tolyl(2) + toluene(1)
    [CH2]C1=CC=C=CC1C1C=CC=C(C)C1(596) <=> tolyl(2) + toluene(1)
    [CH2]C1=C=CC=CC1C1C=C(C)C=CC1(597) <=> tolyl(2) + toluene(1)
    [CH2]C1=C=CC(C2C=C(C)C=CC2)C=C1(598) <=> tolyl(2) + toluene(1)
    [CH2]C1(C2C=C(C)C=CC2)C=C=CC=C1(599) <=> tolyl(2) + toluene(1)
    [CH2]C1=CC(C2C=C(C)C=CC2)C=C=C1(600) <=> tolyl(2) + toluene(1)
    [CH2]C1=CC=C=CC1C1C=C(C)C=CC1(601) <=> tolyl(2) + toluene(1)
    [CH2]C1=C=CC=CC1C1C=CC(C)=CC1(602) <=> tolyl(2) + toluene(1)
    [CH2]C1=C=CC(C2C=CC(C)=CC2)C=C1(603) <=> tolyl(2) + toluene(1)
    [CH2]C1(C2C=CC(C)=CC2)C=C=CC=C1(604) <=> tolyl(2) + toluene(1)
    [CH2]C1=CC(C2C=CC(C)=CC2)C=C=C1(605) <=> tolyl(2) + toluene(1)
    [CH2]C1=CC=C=CC1C1C=CC(C)=CC1(606) <=> tolyl(2) + toluene(1)
    tolyl(2) + CC1=CC=C[CH][CH]1(368) <=> tolyl(2) + toluene(1)
    Cc1[c]cccc1(292) + CC1=CC=C[CH][CH]1(368) <=> tolyl(2) + toluene(1)
    Cc1c[c]ccc1(293) + CC1=CC=C[CH][CH]1(368) <=> tolyl(2) + toluene(1)
    Cc1cc[c]cc1(294) + CC1=CC=C[CH][CH]1(368) <=> tolyl(2) + toluene(1)
    tolyl(2) + C=C1C=CCC=C1(607) <=> tolyl(2) + toluene(1)
    Cc1[c]cccc1(292) + C=C1C=CCC=C1(607) <=> tolyl(2) + toluene(1)
    Cc1c[c]ccc1(293) + C=C1C=CCC=C1(607) <=> tolyl(2) + toluene(1)
    Cc1cc[c]cc1(294) + C=C1C=CCC=C1(607) <=> tolyl(2) + toluene(1)
    tolyl(2) + toluene(1) <=> C=C1C=CC(C2(C)[CH]C=CC=C2)C=C1(608)
    tolyl(2) + toluene(1) <=> C=C1C=CC(C2C=CC=C[C]2C)C=C1(609)
    tolyl(2) + toluene(1) <=> C=C1C=CC(C2[CH]C(C)=CC=C2)C=C1(610)
    tolyl(2) + toluene(1) <=> C=C1C=CC(C2[CH]C=C(C)C=C2)C=C1(611)
    C=C1C=CC=CC1C1(C)C=C[CH]C=C1(612) <=> tolyl(2) + toluene(1)
    C=C1C=CC=CC1CC1C=C[CH]C=C1(613) <=> tolyl(2) + toluene(1)
    CC1=C=CC=CC1C1(C)C=C[CH]C=C1(614) <=> tolyl(2) + toluene(1)
    CC1=C=CC=CC1CC1C=C[CH]C=C1(615) <=> tolyl(2) + toluene(1)
    CC1=C=CC(C2(C)C=C[CH]C=C2)C=C1(616) <=> tolyl(2) + toluene(1)
    CC1=C=CC(CC2C=C[CH]C=C2)C=C1(617) <=> tolyl(2) + toluene(1)
    CC1(C2(C)C=C[CH]C=C2)C=C=CC=C1(618) <=> tolyl(2) + toluene(1)
    CC1(CC2C=C[CH]C=C2)C=C=CC=C1(619) <=> tolyl(2) + toluene(1)
    CC1=CC(C2(C)C=C[CH]C=C2)C=C=C1(620) <=> tolyl(2) + toluene(1)
    CC1=CC(CC2C=C[CH]C=C2)C=C=C1(621) <=> tolyl(2) + toluene(1)
    CC1=CC=C=CC1C1(C)C=C[CH]C=C1(622) <=> tolyl(2) + toluene(1)
    CC1=CC=C=CC1CC1C=C[CH]C=C1(623) <=> tolyl(2) + toluene(1)
    CC1(CC2=C=C[CH]C=C2)C=CC=CC1(624) <=> tolyl(2) + toluene(1)
    CC1C=CC=CC1CC1=C=C[CH]C=C1(625) <=> tolyl(2) + toluene(1)
    CC1=CC=CCC1CC1=C=C[CH]C=C1(626) <=> tolyl(2) + toluene(1)
    CC1=CC=CC(CC2=C=C[CH]C=C2)C1(627) <=> tolyl(2) + toluene(1)
    CC1=CC(CC2=C=C[CH]C=C2)CC=C1(628) <=> tolyl(2) + toluene(1)
    CC1=CCC(CC2=C=C[CH]C=C2)C=C1(629) <=> tolyl(2) + toluene(1)
    tolyl(2) + C=C1C=CC=CC1(630) <=> tolyl(2) + toluene(1)
    Cc1[c]cccc1(292) + C=C1C=CC=CC1(630) <=> tolyl(2) + toluene(1)
    Cc1c[c]ccc1(293) + C=C1C=CC=CC1(630) <=> tolyl(2) + toluene(1)
    Cc1cc[c]cc1(294) + C=C1C=CC=CC1(630) <=> tolyl(2) + toluene(1)
    tolyl(2) + toluene(1) <=> C=C1C=CC=CC1C1(C)C=C[CH]C=C1(612)
    tolyl(2) + toluene(1) <=> C=C1C=CC=CC1C1C=CC=C[C]1C(631)
    tolyl(2) + toluene(1) <=> C=C1C=CC=CC1C1[CH]C(C)=CC=C1(632)
    tolyl(2) + toluene(1) <=> C=C1C=CC=CC1C1[CH]C=C(C)C=C1(633)
    OH(8) + CC1[CH]C=CC=C1(310) <=> H2O(14) + toluene(1)
    OH(8) + C[C]1C=CC=CC1(311) <=> H2O(14) + toluene(1)
    OH(8) + CC1=CC=CC[CH]1(312) <=> H2O(14) + toluene(1)
    OH(8) + CC1=C[CH]CC=C1(313) <=> H2O(14) + toluene(1)
    HO2(15) + [CH]c1ccccc1(515) <=> O2(6) + tolyl(2)
    O2(6) + tolyl(2) <=> HO2(15) + [CH2]c1[c]cccc1(518)
    O2(6) + tolyl(2) <=> HO2(15) + [CH2]c1c[c]ccc1(519)
    O2(6) + tolyl(2) <=> HO2(15) + [CH2]c1cc[c]cc1(520)
    O2(6) + tolyl(2) <=> HO2(15) + C=C1C=C=CC=C1(524)
    O2(6) + tolyl(2) <=> C=C1C=CC(O[O])C=C1(634)
    O2(6) + tolyl(2) <=> C=C1C=CC=CC1O[O](635)

After model enlargement:
    The model core has 15 species and 3 reactions
    The model edge has 623 species and 2076 reactions


Saving current model core to Chemkin file...
Chemkin file contains 3 reactions.
Saving annotated version of Chemkin file...
Chemkin file contains 3 reactions.
Saving current model core and edge to Chemkin file...
Chemkin file contains 2085 reactions.
Saving annotated version of Chemkin file...
Chemkin file contains 2085 reactions.
Saving current model core to HTML file...
Saving current model edge to HTML file...
Updating RMG execution statistics...
    Execution time (DD:HH:MM:SS): 00:00:01:43
    Memory used: 879.42 MB
Generating plots of execution statistics...

Making seed mechanism...
Conducting simulation of reaction system 1...
At time 1.0000e-04 s, species CC1(O[O])C=CC=CC1O(514) at 0.0302596318330853 exceeded the minimum rate for simulation interruption of 0.03
Reached max number of objects...preparing to terminate
At time 1.0000e-04 s, species CC1(O[O])C=CC=CC1O(514) at rate ratio 0.0302596318330853 exceeded the minimum rate for moving to model core of 0.03
terminating simulation due to interrupt...


Adding species CC1(O[O])C=CC=CC1O(514) to model core

Summary of Model Enlargement
---------------------------------
Added 1 new core species
    CC1(O[O])C=CC=CC1O(514)
Created 0 new edge species
Moved 1 reactions from edge to core
    O2(6) + MHCHD(4) <=> CC1(O[O])C=CC=CC1O(514)
Added 0 new core reactions
Created 0 new edge reactions

After model enlargement:
    The model core has 16 species and 4 reactions
    The model edge has 622 species and 2075 reactions


At time 1.0000e+02 s, reached target termination time.
    toluene(1) conversion: 8.26e-07  

For reaction generation 1 process is used.
Generating thermo for new species...
Generating kinetics for new reactions...
For reaction tolylperoxy(7) <=> [CH]1C2=CC=CC1OOC2(638), Ea raised from 121.3 to 125.0 kJ/mol to match endothermicity of reaction.
For reaction tolylperoxy(7) <=> [CH]1C=C2C=CC1OOC2(639), Ea raised from 138.2 to 139.3 kJ/mol to match endothermicity of reaction.
For reaction O2(6) + tolylperoxy(7) <=> [O]OOOCc1ccccc1(756), Ea raised from 74.1 to 80.6 kJ/mol to match endothermicity of reaction.
For reaction O2(6) + CC1(O[O])C=CC=CC1O(514) <=> CC1(OOO[O])C=CC=CC1O(757), Ea raised from 86.2 to 92.7 kJ/mol to match endothermicity of reaction.

Summary of Secondary Model Edge Enlargement
---------------------------------
Added 0 new core species
Created 122 new edge species
    [O]Cc1ccccc1(636)
    C1=C[C]2COOC2C=C1(637)
    [CH]1C2=CC=CC1OOC2(638)
    [CH]1C=C2C=CC1OOC2(639)
    [CH]1C=CC=CC12COO2(640)
    [CH2]O[O](641)
    [O]O[CH]c1ccccc1(642)
    [O]OCc1[c]cccc1(643)
    [O]OCc1c[c]ccc1(644)
    [O]OCc1cc[c]cc1(645)
    OO[CH]c1ccccc1(646)
    OOCc1[c]cccc1(647)
    OOCc1c[c]ccc1(648)
    OOCc1cc[c]cc1(649)
    [O]OC1C=CC=CC1O(650)
    [O]Oc1ccccc1(651)
    CC1([O])C=CC=CC1O(652)
    CC1(O[O])C(O)C2C=CC21(653)
    CC(=CC=CC=CO)O[O](654)
    CC12[CH]C(C=CC1O)OO2(655)
    CC12C=CC([CH]C1O)OO2(656)
    CC12C=C[CH]C(OO1)C2O(657)
    CC12OOC1[CH]C=CC2O(658)
    CC1(O[O])CC=CC=C1O(659)
    CC1(O[O])C=CC=CC1[O](660)
    [O]O[C]1C=CC=CC1O(661)
    CC1(O[O])C=CC=C[C]1O(662)
    [CH2]C1(O[O])C=CC=CC1O(663)
    CC1(O[O])[C]=CC=CC1O(664)
    CC1(O[O])C=CC=[C]C1O(665)
    CC1(O[O])C=C[C]=CC1O(666)
    CC1(O[O])C=[C]C=CC1O(667)
    CC1(OO)C=CC=C[C]1O(668)
    [CH2]C1(OO)C=CC=CC1O(669)
    CC1(OO)[C]=CC=CC1O(670)
    CC1(OO)C=CC=CC1[O](671)
    CC1(OO)C=CC=[C]C1O(672)
    CC1(OO)C=[C]C=CC1O(673)
    CC1(OO)C=C[C]=CC1O(674)
    [O]OCC1[CH]C=CC=C1(675)
    [O]OC[C]1C=CC=CC1(676)
    [O]OCC1=CC=CC[CH]1(677)
    [O]OCC1=C[CH]CC=C1(678)
    OOCc1ccccc1(679)
    CC1(OOCc2ccccc2)[CH]C=CC=C1(680)
    C[C]1C=CC=CC1OOCc1ccccc1(681)
    CC1=CC=CC(OOCc2ccccc2)[CH]1(682)
    CC1=C[CH]C(OOCc2ccccc2)C=C1(683)
    C=C1C=CC=CC1C1(CO[O])C=CC=CC1(684)
    C=C1C=CC=CC1C1C=CC=CC1CO[O](685)
    C=C1C=CC=CC1C1CC=CC=C1CO[O](686)
    C=C1C=CC=CC1C1C=CC=C(CO[O])C1(687)
    C=C1C=CC=CC1C1C=C(CO[O])C=CC1(688)
    C=C1C=CC=CC1C1C=CC(CO[O])=CC1(689)
    CC1=C=CC=CC1C1(CO[O])C=CC=CC1(690)
    CC1=C=CC=CC1C1C=CC=CC1CO[O](691)
    CC1=C=CC=CC1C1CC=CC=C1CO[O](692)
    CC1=C=CC=CC1C1C=CC=C(CO[O])C1(693)
    CC1=C=CC=CC1C1C=C(CO[O])C=CC1(694)
    CC1=C=CC=CC1C1C=CC(CO[O])=CC1(695)
    CC1=C=CC(C2(CO[O])C=CC=CC2)C=C1(696)
    CC1=C=CC(C2C=CC=CC2CO[O])C=C1(697)
    CC1=C=CC(C2CC=CC=C2CO[O])C=C1(698)
    CC1=C=CC(C2C=CC=C(CO[O])C2)C=C1(699)
    CC1=C=CC(C2C=C(CO[O])C=CC2)C=C1(700)
    CC1=C=CC(C2C=CC(CO[O])=CC2)C=C1(701)
    CC1(C2(CO[O])C=CC=CC2)C=C=CC=C1(702)
    CC1(C2C=CC=CC2CO[O])C=C=CC=C1(703)
    CC1(C2CC=CC=C2CO[O])C=C=CC=C1(704)
    CC1(C2C=CC=C(CO[O])C2)C=C=CC=C1(705)
    CC1(C2C=C(CO[O])C=CC2)C=C=CC=C1(706)
    CC1(C2C=CC(CO[O])=CC2)C=C=CC=C1(707)
    CC1=CC(C2(CO[O])C=CC=CC2)C=C=C1(708)
    CC1=CC(C2C=CC=CC2CO[O])C=C=C1(709)
    CC1=CC(C2CC=CC=C2CO[O])C=C=C1(710)
    CC1=CC(C2C=CC=C(CO[O])C2)C=C=C1(711)
    CC1=CC(C2C=C(CO[O])C=CC2)C=C=C1(712)
    CC1=CC(C2C=CC(CO[O])=CC2)C=C=C1(713)
    CC1=CC=C=CC1C1(CO[O])C=CC=CC1(714)
    CC1=CC=C=CC1C1C=CC=CC1CO[O](715)
    CC1=CC=C=CC1C1CC=CC=C1CO[O](716)
    CC1=CC=C=CC1C1C=CC=C(CO[O])C1(717)
    CC1=CC=C=CC1C1C=C(CO[O])C=CC1(718)
    CC1=CC=C=CC1C1C=CC(CO[O])=CC1(719)
    CC1(C2C=CC=CC2=CO[O])C=CC=CC1(720)
    CC1(C2C=CC=C=C2CO[O])C=CC=CC1(721)
    CC1(C2C=C=C(CO[O])C=C2)C=CC=CC1(722)
    CC1(C2(CO[O])C=C=CC=C2)C=CC=CC1(723)
    CC1(C2C=C=CC(CO[O])=C2)C=CC=CC1(724)
    CC1(C2C=C=CC=C2CO[O])C=CC=CC1(725)
    CC1C=CC=CC1C1C=CC=CC1=CO[O](726)
    CC1C=CC=CC1C1C=CC=C=C1CO[O](727)
    CC1C=CC=CC1C1C=C=C(CO[O])C=C1(728)
    CC1C=CC=CC1C1(CO[O])C=C=CC=C1(729)
    CC1C=CC=CC1C1C=C=CC(CO[O])=C1(730)
    CC1C=CC=CC1C1C=C=CC=C1CO[O](731)
    CC1=CC=CCC1C1C=CC=CC1=CO[O](732)
    CC1=CC=CCC1C1C=CC=C=C1CO[O](733)
    CC1=CC=CCC1C1C=C=C(CO[O])C=C1(734)
    CC1=CC=CCC1C1(CO[O])C=C=CC=C1(735)
    CC1=CC=CCC1C1C=C=CC(CO[O])=C1(736)
    CC1=CC=CCC1C1C=C=CC=C1CO[O](737)
    CC1=CC=CC(C2C=CC=CC2=CO[O])C1(738)
    CC1=CC=CC(C2C=CC=C=C2CO[O])C1(739)
    CC1=CC=CC(C2C=C=C(CO[O])C=C2)C1(740)
    CC1=CC=CC(C2(CO[O])C=C=CC=C2)C1(741)
    CC1=CC=CC(C2C=C=CC(CO[O])=C2)C1(742)
    CC1=CC=CC(C2C=C=CC=C2CO[O])C1(743)
    CC1=CC(C2C=CC=CC2=CO[O])CC=C1(744)
    CC1=CC(C2C=CC=C=C2CO[O])CC=C1(745)
    CC1=CC(C2C=C=C(CO[O])C=C2)CC=C1(746)
    CC1=CC(C2(CO[O])C=C=CC=C2)CC=C1(747)
    CC1=CC(C2C=C=CC(CO[O])=C2)CC=C1(748)
    CC1=CC(C2C=C=CC=C2CO[O])CC=C1(749)
    CC1=CCC(C2C=CC=CC2=CO[O])C=C1(750)
    CC1=CCC(C2C=CC=C=C2CO[O])C=C1(751)
    CC1=CCC(C2C=C=C(CO[O])C=C2)C=C1(752)
    CC1=CCC(C2(CO[O])C=C=CC=C2)C=C1(753)
    CC1=CCC(C2C=C=CC(CO[O])=C2)C=C1(754)
    CC1=CCC(C2C=C=CC=C2CO[O])C=C1(755)
    [O]OOOCc1ccccc1(756)
    CC1(OOO[O])C=CC=CC1O(757)
Added 0 new core reactions
Created 168 new edge reactions
    O(12) + [O]Cc1ccccc1(636) <=> tolylperoxy(7)
    tolylperoxy(7) <=> C1=C[C]2COOC2C=C1(637)
    tolylperoxy(7) <=> [CH]1C2=CC=CC1OOC2(638)
    tolylperoxy(7) <=> [CH]1C=C2C=CC1OOC2(639)
    tolylperoxy(7) <=> [CH]1C=CC=CC12COO2(640)
    [CH2]O[O](641) + [c]1ccccc1(291) <=> tolylperoxy(7)
    H(11) + [O]O[CH]c1ccccc1(642) <=> tolylperoxy(7)
    H(11) + [O]OCc1[c]cccc1(643) <=> tolylperoxy(7)
    H(11) + [O]OCc1c[c]ccc1(644) <=> tolylperoxy(7)
    H(11) + [O]OCc1cc[c]cc1(645) <=> tolylperoxy(7)
    OO[CH]c1ccccc1(646) <=> tolylperoxy(7)
    OOCc1[c]cccc1(647) <=> tolylperoxy(7)
    OOCc1c[c]ccc1(648) <=> tolylperoxy(7)
    OOCc1cc[c]cc1(649) <=> tolylperoxy(7)
    CH2(S)(37) + [O]OC1C=CC=CC1O(650) <=> CC1(O[O])C=CC=CC1O(514)
    CH3OH(31) + [O]Oc1ccccc1(651) <=> CC1(O[O])C=CC=CC1O(514)
    O(12) + CC1([O])C=CC=CC1O(652) <=> CC1(O[O])C=CC=CC1O(514)
    CC1(O[O])C=CC=CC1O(514) <=> HO2(15) + o-cresol(3)
    CC1(O[O])C=CC=CC1O(514) <=> HO2(15) + C=C1C=CC=CC1O(394)
    CC1(O[O])C=CC=CC1O(514) <=> HO2(15) + CC1=C=CC=CC1O(383)
    CC1(O[O])C=CC=CC1O(514) <=> CC1(O[O])C(O)C2C=CC21(653)
    CC(=CC=CC=CO)O[O](654) <=> CC1(O[O])C=CC=CC1O(514)
    CC1(O[O])C=CC=CC1O(514) <=> CC12[CH]C(C=CC1O)OO2(655)
    CC1(O[O])C=CC=CC1O(514) <=> CC12C=CC([CH]C1O)OO2(656)
    CC1(O[O])C=CC=CC1O(514) <=> CC12C=C[CH]C(OO1)C2O(657)
    CC1(O[O])C=CC=CC1O(514) <=> CC12OOC1[CH]C=CC2O(658)
    CC1(O[O])C=CC=CC1O(514) <=> CC1(O[O])CC=CC=C1O(659)
    OH(8) + CC1(O[O])[CH]C=CC=C1(350) <=> CC1(O[O])C=CC=CC1O(514)
    H(11) + CC1(O[O])C=CC=CC1[O](660) <=> CC1(O[O])C=CC=CC1O(514)
    CH3(20) + [O]O[C]1C=CC=CC1O(661) <=> CC1(O[O])C=CC=CC1O(514)
    H(11) + CC1(O[O])C=CC=C[C]1O(662) <=> CC1(O[O])C=CC=CC1O(514)
    H(11) + [CH2]C1(O[O])C=CC=CC1O(663) <=> CC1(O[O])C=CC=CC1O(514)
    H(11) + CC1(O[O])[C]=CC=CC1O(664) <=> CC1(O[O])C=CC=CC1O(514)
    H(11) + CC1(O[O])C=CC=[C]C1O(665) <=> CC1(O[O])C=CC=CC1O(514)
    H(11) + CC1(O[O])C=C[C]=CC1O(666) <=> CC1(O[O])C=CC=CC1O(514)
    H(11) + CC1(O[O])C=[C]C=CC1O(667) <=> CC1(O[O])C=CC=CC1O(514)
    CC1(O[O])C=CC=CC1O(514) <=> CC1(OO)C=CC=C[C]1O(668)
    CC1(O[O])C=CC=CC1O(514) <=> [CH2]C1(OO)C=CC=CC1O(669)
    CC1(OO)[C]=CC=CC1O(670) <=> CC1(O[O])C=CC=CC1O(514)
    CC1(OO)C=CC=CC1[O](671) <=> CC1(O[O])C=CC=CC1O(514)
    CC1(OO)C=CC=[C]C1O(672) <=> CC1(O[O])C=CC=CC1O(514)
    CC1(OO)C=[C]C=CC1O(673) <=> CC1(O[O])C=CC=CC1O(514)
    CC1(OO)C=C[C]=CC1O(674) <=> CC1(O[O])C=CC=CC1O(514)
    tolyl(2) + [O]OCC1[CH]C=CC=C1(675) <=> tolylperoxy(7) + toluene(1)
    tolyl(2) + [O]OC[C]1C=CC=CC1(676) <=> tolylperoxy(7) + toluene(1)
    tolyl(2) + [O]OCC1=CC=CC[CH]1(677) <=> tolylperoxy(7) + toluene(1)
    tolyl(2) + [O]OCC1=C[CH]CC=C1(678) <=> tolylperoxy(7) + toluene(1)
    Cc1[c]cccc1(292) + [O]OCC1[CH]C=CC=C1(675) <=> tolylperoxy(7) + toluene(1)
    Cc1[c]cccc1(292) + [O]OC[C]1C=CC=CC1(676) <=> tolylperoxy(7) + toluene(1)
    Cc1[c]cccc1(292) + [O]OCC1=CC=CC[CH]1(677) <=> tolylperoxy(7) + toluene(1)
    Cc1[c]cccc1(292) + [O]OCC1=C[CH]CC=C1(678) <=> tolylperoxy(7) + toluene(1)
    Cc1c[c]ccc1(293) + [O]OCC1[CH]C=CC=C1(675) <=> tolylperoxy(7) + toluene(1)
    Cc1c[c]ccc1(293) + [O]OC[C]1C=CC=CC1(676) <=> tolylperoxy(7) + toluene(1)
    Cc1c[c]ccc1(293) + [O]OCC1=CC=CC[CH]1(677) <=> tolylperoxy(7) + toluene(1)
    Cc1c[c]ccc1(293) + [O]OCC1=C[CH]CC=C1(678) <=> tolylperoxy(7) + toluene(1)
    Cc1cc[c]cc1(294) + [O]OCC1[CH]C=CC=C1(675) <=> tolylperoxy(7) + toluene(1)
    Cc1cc[c]cc1(294) + [O]OC[C]1C=CC=CC1(676) <=> tolylperoxy(7) + toluene(1)
    Cc1cc[c]cc1(294) + [O]OCC1=CC=CC[CH]1(677) <=> tolylperoxy(7) + toluene(1)
    Cc1cc[c]cc1(294) + [O]OCC1=C[CH]CC=C1(678) <=> tolylperoxy(7) + toluene(1)
    [O]O[CH]c1ccccc1(642) + CC1[CH]C=CC=C1(310) <=> tolylperoxy(7) + toluene(1)
    [O]OCc1[c]cccc1(643) + CC1[CH]C=CC=C1(310) <=> tolylperoxy(7) + toluene(1)
    [O]OCc1c[c]ccc1(644) + CC1[CH]C=CC=C1(310) <=> tolylperoxy(7) + toluene(1)
    [O]OCc1cc[c]cc1(645) + CC1[CH]C=CC=C1(310) <=> tolylperoxy(7) + toluene(1)
    [O]O[CH]c1ccccc1(642) + C[C]1C=CC=CC1(311) <=> tolylperoxy(7) + toluene(1)
    [O]OCc1[c]cccc1(643) + C[C]1C=CC=CC1(311) <=> tolylperoxy(7) + toluene(1)
    [O]OCc1c[c]ccc1(644) + C[C]1C=CC=CC1(311) <=> tolylperoxy(7) + toluene(1)
    [O]OCc1cc[c]cc1(645) + C[C]1C=CC=CC1(311) <=> tolylperoxy(7) + toluene(1)
    [O]O[CH]c1ccccc1(642) + CC1=CC=CC[CH]1(312) <=> tolylperoxy(7) + toluene(1)
    [O]OCc1[c]cccc1(643) + CC1=CC=CC[CH]1(312) <=> tolylperoxy(7) + toluene(1)
    [O]OCc1c[c]ccc1(644) + CC1=CC=CC[CH]1(312) <=> tolylperoxy(7) + toluene(1)
    [O]OCc1cc[c]cc1(645) + CC1=CC=CC[CH]1(312) <=> tolylperoxy(7) + toluene(1)
    [O]O[CH]c1ccccc1(642) + CC1=C[CH]CC=C1(313) <=> tolylperoxy(7) + toluene(1)
    [O]OCc1[c]cccc1(643) + CC1=C[CH]CC=C1(313) <=> tolylperoxy(7) + toluene(1)
    [O]OCc1c[c]ccc1(644) + CC1=C[CH]CC=C1(313) <=> tolylperoxy(7) + toluene(1)
    [O]OCc1cc[c]cc1(645) + CC1=C[CH]CC=C1(313) <=> tolylperoxy(7) + toluene(1)
    tolyl(2) + OOCc1ccccc1(679) <=> tolylperoxy(7) + toluene(1)
    Cc1[c]cccc1(292) + OOCc1ccccc1(679) <=> tolylperoxy(7) + toluene(1)
    Cc1c[c]ccc1(293) + OOCc1ccccc1(679) <=> tolylperoxy(7) + toluene(1)
    Cc1cc[c]cc1(294) + OOCc1ccccc1(679) <=> tolylperoxy(7) + toluene(1)
    tolylperoxy(7) + toluene(1) <=> CC1(OOCc2ccccc2)[CH]C=CC=C1(680)
    tolylperoxy(7) + toluene(1) <=> C[C]1C=CC=CC1OOCc1ccccc1(681)
    tolylperoxy(7) + toluene(1) <=> CC1=CC=CC(OOCc2ccccc2)[CH]1(682)
    tolylperoxy(7) + toluene(1) <=> CC1=C[CH]C(OOCc2ccccc2)C=C1(683)
    C=C1C=CC=CC1C1(CO[O])C=CC=CC1(684) <=> tolylperoxy(7) + toluene(1)
    C=C1C=CC=CC1C1C=CC=CC1CO[O](685) <=> tolylperoxy(7) + toluene(1)
    C=C1C=CC=CC1C1CC=CC=C1CO[O](686) <=> tolylperoxy(7) + toluene(1)
    C=C1C=CC=CC1C1C=CC=C(CO[O])C1(687) <=> tolylperoxy(7) + toluene(1)
    C=C1C=CC=CC1C1C=C(CO[O])C=CC1(688) <=> tolylperoxy(7) + toluene(1)
    C=C1C=CC=CC1C1C=CC(CO[O])=CC1(689) <=> tolylperoxy(7) + toluene(1)
    CC1=C=CC=CC1C1(CO[O])C=CC=CC1(690) <=> tolylperoxy(7) + toluene(1)
    CC1=C=CC=CC1C1C=CC=CC1CO[O](691) <=> tolylperoxy(7) + toluene(1)
    CC1=C=CC=CC1C1CC=CC=C1CO[O](692) <=> tolylperoxy(7) + toluene(1)
    CC1=C=CC=CC1C1C=CC=C(CO[O])C1(693) <=> tolylperoxy(7) + toluene(1)
    CC1=C=CC=CC1C1C=C(CO[O])C=CC1(694) <=> tolylperoxy(7) + toluene(1)
    CC1=C=CC=CC1C1C=CC(CO[O])=CC1(695) <=> tolylperoxy(7) + toluene(1)
    CC1=C=CC(C2(CO[O])C=CC=CC2)C=C1(696) <=> tolylperoxy(7) + toluene(1)
    CC1=C=CC(C2C=CC=CC2CO[O])C=C1(697) <=> tolylperoxy(7) + toluene(1)
    CC1=C=CC(C2CC=CC=C2CO[O])C=C1(698) <=> tolylperoxy(7) + toluene(1)
    CC1=C=CC(C2C=CC=C(CO[O])C2)C=C1(699) <=> tolylperoxy(7) + toluene(1)
    CC1=C=CC(C2C=C(CO[O])C=CC2)C=C1(700) <=> tolylperoxy(7) + toluene(1)
    CC1=C=CC(C2C=CC(CO[O])=CC2)C=C1(701) <=> tolylperoxy(7) + toluene(1)
    CC1(C2(CO[O])C=CC=CC2)C=C=CC=C1(702) <=> tolylperoxy(7) + toluene(1)
    CC1(C2C=CC=CC2CO[O])C=C=CC=C1(703) <=> tolylperoxy(7) + toluene(1)
    CC1(C2CC=CC=C2CO[O])C=C=CC=C1(704) <=> tolylperoxy(7) + toluene(1)
    CC1(C2C=CC=C(CO[O])C2)C=C=CC=C1(705) <=> tolylperoxy(7) + toluene(1)
    CC1(C2C=C(CO[O])C=CC2)C=C=CC=C1(706) <=> tolylperoxy(7) + toluene(1)
    CC1(C2C=CC(CO[O])=CC2)C=C=CC=C1(707) <=> tolylperoxy(7) + toluene(1)
    CC1=CC(C2(CO[O])C=CC=CC2)C=C=C1(708) <=> tolylperoxy(7) + toluene(1)
    CC1=CC(C2C=CC=CC2CO[O])C=C=C1(709) <=> tolylperoxy(7) + toluene(1)
    CC1=CC(C2CC=CC=C2CO[O])C=C=C1(710) <=> tolylperoxy(7) + toluene(1)
    CC1=CC(C2C=CC=C(CO[O])C2)C=C=C1(711) <=> tolylperoxy(7) + toluene(1)
    CC1=CC(C2C=C(CO[O])C=CC2)C=C=C1(712) <=> tolylperoxy(7) + toluene(1)
    CC1=CC(C2C=CC(CO[O])=CC2)C=C=C1(713) <=> tolylperoxy(7) + toluene(1)
    CC1=CC=C=CC1C1(CO[O])C=CC=CC1(714) <=> tolylperoxy(7) + toluene(1)
    CC1=CC=C=CC1C1C=CC=CC1CO[O](715) <=> tolylperoxy(7) + toluene(1)
    CC1=CC=C=CC1C1CC=CC=C1CO[O](716) <=> tolylperoxy(7) + toluene(1)
    CC1=CC=C=CC1C1C=CC=C(CO[O])C1(717) <=> tolylperoxy(7) + toluene(1)
    CC1=CC=C=CC1C1C=C(CO[O])C=CC1(718) <=> tolylperoxy(7) + toluene(1)
    CC1=CC=C=CC1C1C=CC(CO[O])=CC1(719) <=> tolylperoxy(7) + toluene(1)
    CC1(C2C=CC=CC2=CO[O])C=CC=CC1(720) <=> tolylperoxy(7) + toluene(1)
    CC1(C2C=CC=C=C2CO[O])C=CC=CC1(721) <=> tolylperoxy(7) + toluene(1)
    CC1(C2C=C=C(CO[O])C=C2)C=CC=CC1(722) <=> tolylperoxy(7) + toluene(1)
    CC1(C2(CO[O])C=C=CC=C2)C=CC=CC1(723) <=> tolylperoxy(7) + toluene(1)
    CC1(C2C=C=CC(CO[O])=C2)C=CC=CC1(724) <=> tolylperoxy(7) + toluene(1)
    CC1(C2C=C=CC=C2CO[O])C=CC=CC1(725) <=> tolylperoxy(7) + toluene(1)
    CC1C=CC=CC1C1C=CC=CC1=CO[O](726) <=> tolylperoxy(7) + toluene(1)
    CC1C=CC=CC1C1C=CC=C=C1CO[O](727) <=> tolylperoxy(7) + toluene(1)
    CC1C=CC=CC1C1C=C=C(CO[O])C=C1(728) <=> tolylperoxy(7) + toluene(1)
    CC1C=CC=CC1C1(CO[O])C=C=CC=C1(729) <=> tolylperoxy(7) + toluene(1)
    CC1C=CC=CC1C1C=C=CC(CO[O])=C1(730) <=> tolylperoxy(7) + toluene(1)
    CC1C=CC=CC1C1C=C=CC=C1CO[O](731) <=> tolylperoxy(7) + toluene(1)
    CC1=CC=CCC1C1C=CC=CC1=CO[O](732) <=> tolylperoxy(7) + toluene(1)
    CC1=CC=CCC1C1C=CC=C=C1CO[O](733) <=> tolylperoxy(7) + toluene(1)
    CC1=CC=CCC1C1C=C=C(CO[O])C=C1(734) <=> tolylperoxy(7) + toluene(1)
    CC1=CC=CCC1C1(CO[O])C=C=CC=C1(735) <=> tolylperoxy(7) + toluene(1)
    CC1=CC=CCC1C1C=C=CC(CO[O])=C1(736) <=> tolylperoxy(7) + toluene(1)
    CC1=CC=CCC1C1C=C=CC=C1CO[O](737) <=> tolylperoxy(7) + toluene(1)
    CC1=CC=CC(C2C=CC=CC2=CO[O])C1(738) <=> tolylperoxy(7) + toluene(1)
    CC1=CC=CC(C2C=CC=C=C2CO[O])C1(739) <=> tolylperoxy(7) + toluene(1)
    CC1=CC=CC(C2C=C=C(CO[O])C=C2)C1(740) <=> tolylperoxy(7) + toluene(1)
    CC1=CC=CC(C2(CO[O])C=C=CC=C2)C1(741) <=> tolylperoxy(7) + toluene(1)
    CC1=CC=CC(C2C=C=CC(CO[O])=C2)C1(742) <=> tolylperoxy(7) + toluene(1)
    CC1=CC=CC(C2C=C=CC=C2CO[O])C1(743) <=> tolylperoxy(7) + toluene(1)
    CC1=CC(C2C=CC=CC2=CO[O])CC=C1(744) <=> tolylperoxy(7) + toluene(1)
    CC1=CC(C2C=CC=C=C2CO[O])CC=C1(745) <=> tolylperoxy(7) + toluene(1)
    CC1=CC(C2C=C=C(CO[O])C=C2)CC=C1(746) <=> tolylperoxy(7) + toluene(1)
    CC1=CC(C2(CO[O])C=C=CC=C2)CC=C1(747) <=> tolylperoxy(7) + toluene(1)
    CC1=CC(C2C=C=CC(CO[O])=C2)CC=C1(748) <=> tolylperoxy(7) + toluene(1)
    CC1=CC(C2C=C=CC=C2CO[O])CC=C1(749) <=> tolylperoxy(7) + toluene(1)
    CC1=CCC(C2C=CC=CC2=CO[O])C=C1(750) <=> tolylperoxy(7) + toluene(1)
    CC1=CCC(C2C=CC=C=C2CO[O])C=C1(751) <=> tolylperoxy(7) + toluene(1)
    CC1=CCC(C2C=C=C(CO[O])C=C2)C=C1(752) <=> tolylperoxy(7) + toluene(1)
    CC1=CCC(C2(CO[O])C=C=CC=C2)C=C1(753) <=> tolylperoxy(7) + toluene(1)
    CC1=CCC(C2C=C=CC(CO[O])=C2)C=C1(754) <=> tolylperoxy(7) + toluene(1)
    CC1=CCC(C2C=C=CC=C2CO[O])C=C1(755) <=> tolylperoxy(7) + toluene(1)
    HO2(15) + [O]O[CH]c1ccccc1(642) <=> O2(6) + tolylperoxy(7)
    O2(6) + tolylperoxy(7) <=> HO2(15) + [O]OCc1[c]cccc1(643)
    O2(6) + tolylperoxy(7) <=> HO2(15) + [O]OCc1c[c]ccc1(644)
    O2(6) + tolylperoxy(7) <=> HO2(15) + [O]OCc1cc[c]cc1(645)
    O2(6) + tolylperoxy(7) <=> [O]OOOCc1ccccc1(756)
    HO2(15) + CC1(O[O])C=CC=CC1[O](660) <=> O2(6) + CC1(O[O])C=CC=CC1O(514)
    HO2(15) + CC1(O[O])C=CC=C[C]1O(662) <=> O2(6) + CC1(O[O])C=CC=CC1O(514)
    HO2(15) + [CH2]C1(O[O])C=CC=CC1O(663) <=> O2(6) + CC1(O[O])C=CC=CC1O(514)
    HO2(15) + CC1(O[O])[C]=CC=CC1O(664) <=> O2(6) + CC1(O[O])C=CC=CC1O(514)
    HO2(15) + CC1(O[O])C=CC=[C]C1O(665) <=> O2(6) + CC1(O[O])C=CC=CC1O(514)
    HO2(15) + CC1(O[O])C=C[C]=CC1O(666) <=> O2(6) + CC1(O[O])C=CC=CC1O(514)
    HO2(15) + CC1(O[O])C=[C]C=CC1O(667) <=> O2(6) + CC1(O[O])C=CC=CC1O(514)
    O2(6) + CC1(O[O])C=CC=CC1O(514) <=> CC1(OOO[O])C=CC=CC1O(757)

After model enlargement:
    The model core has 16 species and 4 reactions
    The model edge has 744 species and 2243 reactions


Saving current model core to Chemkin file...
Chemkin file contains 4 reactions.
Saving annotated version of Chemkin file...
Chemkin file contains 4 reactions.
Saving current model core and edge to Chemkin file...
Chemkin file contains 2253 reactions.
Saving annotated version of Chemkin file...
Chemkin file contains 2253 reactions.
Saving current model core to HTML file...
Saving current model edge to HTML file...
Updating RMG execution statistics...
    Execution time (DD:HH:MM:SS): 00:00:01:58
    Memory used: 894.84 MB
Generating plots of execution statistics...

Making seed mechanism...
Conducting simulation of reaction system 1...
At time 5.4976e-04 s, species CC1=CC(O[O])C=CC1O(513) at 0.03212947233693426 exceeded the minimum rate for simulation interruption of 0.03
Reached max number of objects...preparing to terminate
At time 5.4976e-04 s, species CC1=CC(O[O])C=CC1O(513) at rate ratio 0.03212947233693426 exceeded the minimum rate for moving to model core of 0.03
terminating simulation due to interrupt...


Adding species CC1=CC(O[O])C=CC1O(513) to model core

Summary of Model Enlargement
---------------------------------
Added 1 new core species
    CC1=CC(O[O])C=CC1O(513)
Created 0 new edge species
Moved 1 reactions from edge to core
    O2(6) + MHCHD(4) <=> CC1=CC(O[O])C=CC1O(513)
Added 0 new core reactions
Created 0 new edge reactions

After model enlargement:
    The model core has 17 species and 5 reactions
    The model edge has 743 species and 2242 reactions


At time 1.0000e+02 s, reached target termination time.
    toluene(1) conversion: 8.26e-07  

For reaction generation 1 process is used.
Generating thermo for new species...
Generating kinetics for new reactions...
For reaction CC1=CC(O[O])C=CC1O(513) <=> CC1=CC2OOC2[CH]C1O(763), Ea raised from 111.9 to 113.4 kJ/mol to match endothermicity of reaction.
For reaction CC1=CC(O[O])C=CC1O(513) <=> C[C]1C(O)C=CC2OOC12(764), Ea raised from 105.6 to 110.1 kJ/mol to match endothermicity of reaction.
For reaction O2(6) + CC1=CC(O[O])C=CC1O(513) <=> CC1=CC(OOO[O])C=CC1O(780), Ea raised from 74.1 to 80.6 kJ/mol to match endothermicity of reaction.

Summary of Secondary Model Edge Enlargement
---------------------------------
Added 0 new core species
Created 23 new edge species
    [O]OC1C=CC(O)C=C1(758)
    CC1=CC([O])C=CC1O(759)
    [O]OC=CC=CO(760)
    CC(C=CO[O])=CO(761)
    CC1=CC2[CH]C(OO2)C1O(762)
    CC1=CC2OOC2[CH]C1O(763)
    C[C]1C(O)C=CC2OOC12(764)
    CC1=CC(O[O])C=CC1[O](765)
    CC1=CC(O[O])C=C[C]1O(766)
    CC1=C[C](O[O])C=CC1O(767)
    [O]OC1C=[C]C(O)C=C1(768)
    [CH2]C1=CC(O[O])C=CC1O(769)
    CC1=[C]C(O[O])C=CC1O(770)
    CC1=CC(O[O])C=[C]C1O(771)
    CC1=CC(O[O])[C]=CC1O(772)
    CC1=C[C](OO)C=CC1O(773)
    CC1=[C]C(OO)C=CC1O(774)
    CC1=CC(OO)[C]=CC1O(775)
    CC1=CC(OO)C=[C]C1O(776)
    CC1=CC(OO)C=C[C]1O(777)
    [CH2]C1=CC(OO)C=CC1O(778)
    CC1=CC(OO)C=CC1[O](779)
    CC1=CC(OOO[O])C=CC1O(780)
Added 0 new core reactions
Created 34 new edge reactions
    CH2(S)(37) + [O]OC1C=CC(O)C=C1(758) <=> CC1=CC(O[O])C=CC1O(513)
    O(12) + CC1=CC([O])C=CC1O(759) <=> CC1=CC(O[O])C=CC1O(513)
    C3H4-P(99) + [O]OC=CC=CO(760) <=> CC1=CC(O[O])C=CC1O(513)
    C2H2(39) + CC(C=CO[O])=CO(761) <=> CC1=CC(O[O])C=CC1O(513)
    CC1=CC(O[O])C=CC1O(513) <=> HO2(15) + CC1=C=CC=CC1O(383)
    CC1=CC(O[O])C=CC1O(513) <=> HO2(15) + CC1=CC=C=CC1O(367)
    CC1=CC(O[O])C=CC1O(513) <=> CC12[CH]C(C=CC1O)OO2(655)
    CC1=CC(O[O])C=CC1O(513) <=> CC1=CC2[CH]C(OO2)C1O(762)
    CC1=CC(O[O])C=CC1O(513) <=> CC1=CC2OOC2[CH]C1O(763)
    CC1=CC(O[O])C=CC1O(513) <=> C[C]1C(O)C=CC2OOC12(764)
    OH(8) + CC1=CC=CC(O[O])[CH]1(352) <=> CC1=CC(O[O])C=CC1O(513)
    H(11) + CC1=CC(O[O])C=CC1[O](765) <=> CC1=CC(O[O])C=CC1O(513)
    H(11) + CC1=CC(O[O])C=C[C]1O(766) <=> CC1=CC(O[O])C=CC1O(513)
    H(11) + CC1=C[C](O[O])C=CC1O(767) <=> CC1=CC(O[O])C=CC1O(513)
    CH3(20) + [O]OC1C=[C]C(O)C=C1(768) <=> CC1=CC(O[O])C=CC1O(513)
    H(11) + [CH2]C1=CC(O[O])C=CC1O(769) <=> CC1=CC(O[O])C=CC1O(513)
    H(11) + CC1=[C]C(O[O])C=CC1O(770) <=> CC1=CC(O[O])C=CC1O(513)
    H(11) + CC1=CC(O[O])C=[C]C1O(771) <=> CC1=CC(O[O])C=CC1O(513)
    H(11) + CC1=CC(O[O])[C]=CC1O(772) <=> CC1=CC(O[O])C=CC1O(513)
    CC1=CC(O[O])C=CC1O(513) <=> CC1=C[C](OO)C=CC1O(773)
    CC1=CC(O[O])C=CC1O(513) <=> CC1=[C]C(OO)C=CC1O(774)
    CC1=CC(O[O])C=CC1O(513) <=> CC1=CC(OO)[C]=CC1O(775)
    CC1=CC(OO)C=[C]C1O(776) <=> CC1=CC(O[O])C=CC1O(513)
    CC1=CC(O[O])C=CC1O(513) <=> CC1=CC(OO)C=C[C]1O(777)
    CC1=CC(O[O])C=CC1O(513) <=> [CH2]C1=CC(OO)C=CC1O(778)
    CC1=CC(OO)C=CC1[O](779) <=> CC1=CC(O[O])C=CC1O(513)
    HO2(15) + CC1=CC(O[O])C=CC1[O](765) <=> O2(6) + CC1=CC(O[O])C=CC1O(513)
    HO2(15) + CC1=CC(O[O])C=C[C]1O(766) <=> O2(6) + CC1=CC(O[O])C=CC1O(513)
    HO2(15) + CC1=C[C](O[O])C=CC1O(767) <=> O2(6) + CC1=CC(O[O])C=CC1O(513)
    HO2(15) + [CH2]C1=CC(O[O])C=CC1O(769) <=> O2(6) + CC1=CC(O[O])C=CC1O(513)
    HO2(15) + CC1=[C]C(O[O])C=CC1O(770) <=> O2(6) + CC1=CC(O[O])C=CC1O(513)
    HO2(15) + CC1=CC(O[O])C=[C]C1O(771) <=> O2(6) + CC1=CC(O[O])C=CC1O(513)
    HO2(15) + CC1=CC(O[O])[C]=CC1O(772) <=> O2(6) + CC1=CC(O[O])C=CC1O(513)
    O2(6) + CC1=CC(O[O])C=CC1O(513) <=> CC1=CC(OOO[O])C=CC1O(780)

After model enlargement:
    The model core has 17 species and 5 reactions
    The model edge has 766 species and 2276 reactions


Saving current model core to Chemkin file...
Chemkin file contains 5 reactions.
Saving annotated version of Chemkin file...
Chemkin file contains 5 reactions.
Saving current model core and edge to Chemkin file...
Chemkin file contains 2287 reactions.
Saving annotated version of Chemkin file...
Chemkin file contains 2287 reactions.
Saving current model core to HTML file...
Saving current model edge to HTML file...
Updating RMG execution statistics...
    Execution time (DD:HH:MM:SS): 00:00:02:04
    Memory used: 907.85 MB
Generating plots of execution statistics...

Making seed mechanism...
Conducting simulation of reaction system 1...
At time 4.3980e-03 s, species HO2(15) at 0.031364885425193896 exceeded the minimum rate for simulation interruption of 0.03
At time 4.3980e-03 s, species CC1=CC=CC(O[O])C1O(512) at 0.05790500216113101 exceeded the minimum rate for simulation interruption of 0.03
At time 4.3980e-03 s, species C1=C[C]2COOC2C=C1(637) at 0.03959144393577546 exceeded the minimum rate for simulation interruption of 0.03
At time 4.3980e-03 s, species CC12C=CC([CH]C1O)OO2(656) at 0.04305256581086428 exceeded the minimum rate for simulation interruption of 0.03
Exceeded max number of objects...removing excess objects
Reached max number of objects...preparing to terminate
At time 4.3980e-03 s, species CC1=CC=CC(O[O])C1O(512) at rate ratio 0.05790500216113101 exceeded the minimum rate for moving to model core of 0.03
terminating simulation due to interrupt...


Adding species CC1=CC=CC(O[O])C1O(512) to model core

Summary of Model Enlargement
---------------------------------
Added 1 new core species
    CC1=CC=CC(O[O])C1O(512)
Created 0 new edge species
Moved 1 reactions from edge to core
    O2(6) + MHCHD(4) <=> CC1=CC=CC(O[O])C1O(512)
Added 0 new core reactions
Created 0 new edge reactions

After model enlargement:
    The model core has 18 species and 6 reactions
    The model edge has 765 species and 2275 reactions


At time 1.0000e+02 s, reached target termination time.
    toluene(1) conversion: 8.26e-07  

For reaction generation 1 process is used.
Generating thermo for new species...
Generating kinetics for new reactions...
For reaction CC1=CC=CC(O[O])C1O(512) <=> CC12C=CC1C(O[O])C2O(783), Ea raised from 163.8 to 164.0 kJ/mol to match endothermicity of reaction.
For reaction O2(6) + CC1=CC=CC(O[O])C1O(512) <=> CC1=CC=CC(OOO[O])C1O(805), Ea raised from 74.1 to 80.6 kJ/mol to match endothermicity of reaction.

Summary of Secondary Model Edge Enlargement
---------------------------------
Added 0 new core species
Created 25 new edge species
    Cc1cccc(O[O])c1(781)
    CC1=CC=CC([O])C1O(782)
    CC12C=CC1C(O[O])C2O(783)
    CC(C=CC=CO[O])=CO(784)
    C[C]1C2C=CC(OO2)C1O(785)
    CC1=C[CH]C2OOC2C1O(786)
    CC1=C(O)C(O[O])CC=C1(787)
    C=C1C=CCC(O[O])C1O(788)
    CC1C=CC=C(O[O])C1O(789)
    CC1=CC=CC(O[O])C1[O](790)
    CC1=CC=CC(O[O])[C]1O(791)
    CC1=CC=C[C](O[O])C1O(792)
    [O]OC1C=CC=[C]C1O(793)
    [CH2]C1=CC=CC(O[O])C1O(794)
    CC1=CC=[C]C(O[O])C1O(795)
    CC1=[C]C=CC(O[O])C1O(796)
    CC1=C[C]=CC(O[O])C1O(797)
    CC1=CC=C[C](OO)C1O(798)
    CC1=CC=CC(OO)[C]1O(799)
    CC1=CC=[C]C(OO)C1O(800)
    CC1=CC=CC(OO)C1[O](801)
    CC1=C[C]=CC(OO)C1O(802)
    [CH2]C1=CC=CC(OO)C1O(803)
    CC1=[C]C=CC(OO)C1O(804)
    CC1=CC=CC(OOO[O])C1O(805)
Added 0 new core reactions
Created 38 new edge reactions
    CH2(S)(37) + [O]OC1C=CC=CC1O(650) <=> CC1=CC=CC(O[O])C1O(512)
    H2O(14) + Cc1cccc(O[O])c1(781) <=> CC1=CC=CC(O[O])C1O(512)
    O(12) + CC1=CC=CC([O])C1O(782) <=> CC1=CC=CC(O[O])C1O(512)
    CC1=CC=CC(O[O])C1O(512) <=> HO2(15) + o-cresol(3)
    CC1=CC=CC(O[O])C1O(512) <=> HO2(15) + CC1=CC=C=CC1O(367)
    CC1=CC=CC(O[O])C1O(512) <=> CC12C=CC1C(O[O])C2O(783)
    CC(C=CC=CO[O])=CO(784) <=> CC1=CC=CC(O[O])C1O(512)
    CC1=CC=CC(O[O])C1O(512) <=> CC1=CC2[CH]C(OO2)C1O(762)
    CC1=CC=CC(O[O])C1O(512) <=> C[C]1C2C=CC(OO2)C1O(785)
    CC1=CC=CC(O[O])C1O(512) <=> CC12C=C[CH]C(OO1)C2O(657)
    CC1=CC=CC(O[O])C1O(512) <=> CC1=C[CH]C2OOC2C1O(786)
    CC1=CC=CC(O[O])C1O(512) <=> CC1=C(O)C(O[O])CC=C1(787)
    C=C1C=CCC(O[O])C1O(788) <=> CC1=CC=CC(O[O])C1O(512)
    CC1C=CC=C(O[O])C1O(789) <=> CC1=CC=CC(O[O])C1O(512)
    OH(8) + CC1=CC=CC(O[O])[CH]1(352) <=> CC1=CC=CC(O[O])C1O(512)
    H(11) + CC1=CC=CC(O[O])C1[O](790) <=> CC1=CC=CC(O[O])C1O(512)
    H(11) + CC1=CC=CC(O[O])[C]1O(791) <=> CC1=CC=CC(O[O])C1O(512)
    H(11) + CC1=CC=C[C](O[O])C1O(792) <=> CC1=CC=CC(O[O])C1O(512)
    CH3(20) + [O]OC1C=CC=[C]C1O(793) <=> CC1=CC=CC(O[O])C1O(512)
    H(11) + [CH2]C1=CC=CC(O[O])C1O(794) <=> CC1=CC=CC(O[O])C1O(512)
    H(11) + CC1=CC=[C]C(O[O])C1O(795) <=> CC1=CC=CC(O[O])C1O(512)
    H(11) + CC1=[C]C=CC(O[O])C1O(796) <=> CC1=CC=CC(O[O])C1O(512)
    H(11) + CC1=C[C]=CC(O[O])C1O(797) <=> CC1=CC=CC(O[O])C1O(512)
    CC1=CC=CC(O[O])C1O(512) <=> CC1=CC=C[C](OO)C1O(798)
    CC1=CC=CC(O[O])C1O(512) <=> CC1=CC=CC(OO)[C]1O(799)
    CC1=CC=[C]C(OO)C1O(800) <=> CC1=CC=CC(O[O])C1O(512)
    CC1=CC=CC(OO)C1[O](801) <=> CC1=CC=CC(O[O])C1O(512)
    CC1=C[C]=CC(OO)C1O(802) <=> CC1=CC=CC(O[O])C1O(512)
    CC1=CC=CC(O[O])C1O(512) <=> [CH2]C1=CC=CC(OO)C1O(803)
    CC1=[C]C=CC(OO)C1O(804) <=> CC1=CC=CC(O[O])C1O(512)
    HO2(15) + CC1=CC=CC(O[O])C1[O](790) <=> O2(6) + CC1=CC=CC(O[O])C1O(512)
    HO2(15) + CC1=CC=CC(O[O])[C]1O(791) <=> O2(6) + CC1=CC=CC(O[O])C1O(512)
    HO2(15) + CC1=CC=C[C](O[O])C1O(792) <=> O2(6) + CC1=CC=CC(O[O])C1O(512)
    HO2(15) + [CH2]C1=CC=CC(O[O])C1O(794) <=> O2(6) + CC1=CC=CC(O[O])C1O(512)
    HO2(15) + CC1=CC=[C]C(O[O])C1O(795) <=> O2(6) + CC1=CC=CC(O[O])C1O(512)
    HO2(15) + CC1=[C]C=CC(O[O])C1O(796) <=> O2(6) + CC1=CC=CC(O[O])C1O(512)
    HO2(15) + CC1=C[C]=CC(O[O])C1O(797) <=> O2(6) + CC1=CC=CC(O[O])C1O(512)
    O2(6) + CC1=CC=CC(O[O])C1O(512) <=> CC1=CC=CC(OOO[O])C1O(805)

After model enlargement:
    The model core has 18 species and 6 reactions
    The model edge has 790 species and 2313 reactions


Saving current model core to Chemkin file...
Chemkin file contains 6 reactions.
Saving annotated version of Chemkin file...
Chemkin file contains 6 reactions.
Saving current model core and edge to Chemkin file...
Chemkin file contains 2325 reactions.
Saving annotated version of Chemkin file...
Chemkin file contains 2325 reactions.
Saving current model core to HTML file...
Saving current model edge to HTML file...
Updating RMG execution statistics...
    Execution time (DD:HH:MM:SS): 00:00:02:10
    Memory used: 923.05 MB
Generating plots of execution statistics...

Making seed mechanism...
Conducting simulation of reaction system 1...
At time 4.3980e-03 s, species HO2(15) at 0.03136466551938176 exceeded the minimum rate for simulation interruption of 0.03
At time 4.3980e-03 s, species C1=C[C]2COOC2C=C1(637) at 0.03959144393055355 exceeded the minimum rate for simulation interruption of 0.03
At time 4.3980e-03 s, species CC12C=CC([CH]C1O)OO2(656) at 0.04305226396026541 exceeded the minimum rate for simulation interruption of 0.03
Exceeded max number of objects...removing excess objects
Reached max number of objects...preparing to terminate
At time 4.3980e-03 s, species CC12C=CC([CH]C1O)OO2(656) at rate ratio 0.04305226396026541 exceeded the minimum rate for moving to model core of 0.03
terminating simulation due to interrupt...


Adding species CC12C=CC([CH]C1O)OO2(656) to model core

Summary of Model Enlargement
---------------------------------
Added 1 new core species
    CC12C=CC([CH]C1O)OO2(656)
Created 0 new edge species
Moved 1 reactions from edge to core
    CC1(O[O])C=CC=CC1O(514) <=> CC12C=CC([CH]C1O)OO2(656)
Added 0 new core reactions
Created 0 new edge reactions

After model enlargement:
    The model core has 19 species and 7 reactions
    The model edge has 789 species and 2312 reactions


At time 1.0000e+02 s, reached target termination time.
    toluene(1) conversion: 8.26e-07  

For reaction generation 1 process is used.
Generating thermo for new species...
Species O=O renamed O2(S) based on thermo library name
Generating kinetics for new reactions...
For reaction C[C]1C=CC(C=CO)OO1(813) <=> CC12C=CC([CH]C1O)OO2(656), Ea raised from 79.5 to 82.0 kJ/mol to match endothermicity of reaction.

Summary of Secondary Model Edge Enlargement
---------------------------------
Added 0 new core species
Created 27 new edge species
    OC1[CH]C2C=CC1OO2(806)
    CC12C=CC(OO1)C2[CH]O(807)
    CC12C=CC([CH]OO1)C2O(808)
    CC12C=CC([C]C1O)OO2(809)
    O2(S)(810)
    CC12OOC3[CH]C1C3C2O(811)
    CC12[CH]C3C(OO1)C3C2O(812)
    C[C]1C=CC(C=CO)OO1(813)
    [CH]=CC1(C)OOC=CC1O(814)
    CC12C=CC(C=C1O)OO2(815)
    CC12C=CC(=CC1O)OO2(816)
    CC12C=CC(C=C1)OO2(817)
    CC12[CH][CH]C(C=C1)OO2(818)
    CC12C=CC([CH]C1[O])OO2(819)
    OC1[CH]C2C=C[C]1OO2(820)
    CC12C=CC([CH][C]1O)OO2(821)
    CC12C=C[C]([CH]C1O)OO2(822)
    [CH2]C12C=CC([CH]C1O)OO2(823)
    CC12[C]=CC([CH]C1O)OO2(824)
    CC12C=[C]C([CH]C1O)OO2(825)
    CC12C=CC(C[C]1O)OO2(826)
    CC12C=C[C](CC1O)OO2(827)
    CC12C=CC(CC1[O])OO2(828)
    CC12C=[C]C(CC1O)OO2(829)
    [CH2]C12C=CC(CC1O)OO2(830)
    CC12[C]=CC(CC1O)OO2(831)
    CC12C=CC(OO1)C(O[O])C2O(832)
Added 0 new core reactions
Created 34 new edge reactions
    CH2(S)(37) + OC1[CH]C2C=CC1OO2(806) <=> CC12C=CC([CH]C1O)OO2(656)
    CC12C=CC(OO1)C2[CH]O(807) <=> CC12C=CC([CH]C1O)OO2(656)
    CC12C=CC([CH]OO1)C2O(808) <=> CC12C=CC([CH]C1O)OO2(656)
    H(11) + CC12C=CC([C]C1O)OO2(809) <=> CC12C=CC([CH]C1O)OO2(656)
    O2(S)(810) + MHCHD(4) <=> CC12C=CC([CH]C1O)OO2(656)
    CC12C=CC([CH]C1O)OO2(656) <=> CC12OOC3[CH]C1C3C2O(811)
    CC12C=CC([CH]C1O)OO2(656) <=> CC12[CH]C3C(OO1)C3C2O(812)
    C[C]1C=CC(C=CO)OO1(813) <=> CC12C=CC([CH]C1O)OO2(656)
    [CH]=CC1(C)OOC=CC1O(814) <=> CC12C=CC([CH]C1O)OO2(656)
    H(11) + CC12C=CC(C=C1O)OO2(815) <=> CC12C=CC([CH]C1O)OO2(656)
    H(11) + CC12C=CC(=CC1O)OO2(816) <=> CC12C=CC([CH]C1O)OO2(656)
    OH(8) + CC12C=CC(C=C1)OO2(817) <=> CC12C=CC([CH]C1O)OO2(656)
    OH(8) + CC12[CH][CH]C(C=C1)OO2(818) <=> CC12C=CC([CH]C1O)OO2(656)
    H(11) + CC12C=CC([CH]C1[O])OO2(819) <=> CC12C=CC([CH]C1O)OO2(656)
    CH3(20) + OC1[CH]C2C=C[C]1OO2(820) <=> CC12C=CC([CH]C1O)OO2(656)
    H(11) + CC12C=CC([CH][C]1O)OO2(821) <=> CC12C=CC([CH]C1O)OO2(656)
    H(11) + CC12C=C[C]([CH]C1O)OO2(822) <=> CC12C=CC([CH]C1O)OO2(656)
    H(11) + [CH2]C12C=CC([CH]C1O)OO2(823) <=> CC12C=CC([CH]C1O)OO2(656)
    H(11) + CC12[C]=CC([CH]C1O)OO2(824) <=> CC12C=CC([CH]C1O)OO2(656)
    H(11) + CC12C=[C]C([CH]C1O)OO2(825) <=> CC12C=CC([CH]C1O)OO2(656)
    CC12C=CC([CH]C1O)OO2(656) <=> CC12C=CC(C[C]1O)OO2(826)
    CC12C=CC([CH]C1O)OO2(656) <=> CC12C=C[C](CC1O)OO2(827)
    CC12C=CC([CH]C1O)OO2(656) <=> CC12C=CC(CC1[O])OO2(828)
    CC12C=CC([CH]C1O)OO2(656) <=> CC12C=[C]C(CC1O)OO2(829)
    [CH2]C12C=CC(CC1O)OO2(830) <=> CC12C=CC([CH]C1O)OO2(656)
    CC12[C]=CC(CC1O)OO2(831) <=> CC12C=CC([CH]C1O)OO2(656)
    O2(6) + CC12C=CC([CH]C1O)OO2(656) <=> HO2(15) + CC12C=CC(C=C1O)OO2(815)
    O2(6) + CC12C=CC([CH]C1O)OO2(656) <=> HO2(15) + CC12C=CC(=CC1O)OO2(816)
    HO2(15) + CC12C=CC([C]C1O)OO2(809) <=> O2(6) + CC12C=CC([CH]C1O)OO2(656)
    HO2(15) + CC12C=CC([CH]C1[O])OO2(819) <=> O2(6) + CC12C=CC([CH]C1O)OO2(656)
    HO2(15) + [CH2]C12C=CC([CH]C1O)OO2(823) <=> O2(6) + CC12C=CC([CH]C1O)OO2(656)
    HO2(15) + CC12[C]=CC([CH]C1O)OO2(824) <=> O2(6) + CC12C=CC([CH]C1O)OO2(656)
    HO2(15) + CC12C=[C]C([CH]C1O)OO2(825) <=> O2(6) + CC12C=CC([CH]C1O)OO2(656)
    O2(6) + CC12C=CC([CH]C1O)OO2(656) <=> CC12C=CC(OO1)C(O[O])C2O(832)

After model enlargement:
    The model core has 19 species and 7 reactions
    The model edge has 816 species and 2346 reactions


Saving current model core to Chemkin file...
Chemkin file contains 7 reactions.
Saving annotated version of Chemkin file...
Chemkin file contains 7 reactions.
Saving current model core and edge to Chemkin file...
Chemkin file contains 2359 reactions.
Saving annotated version of Chemkin file...
Chemkin file contains 2359 reactions.
Saving current model core to HTML file...
Saving current model edge to HTML file...
Updating RMG execution statistics...
    Execution time (DD:HH:MM:SS): 00:00:02:17
    Memory used: 935.67 MB
Generating plots of execution statistics...

Making seed mechanism...
Conducting simulation of reaction system 1...
At time 4.3980e-03 s, species HO2(15) at 0.03136470145192253 exceeded the minimum rate for simulation interruption of 0.03
At time 4.3980e-03 s, species C1=C[C]2COOC2C=C1(637) at 0.03959144392988808 exceeded the minimum rate for simulation interruption of 0.03
Exceeded max number of objects...removing excess objects
Reached max number of objects...preparing to terminate
At time 4.3980e-03 s, species C1=C[C]2COOC2C=C1(637) at rate ratio 0.03959144392988808 exceeded the minimum rate for moving to model core of 0.03
terminating simulation due to interrupt...


Adding species C1=C[C]2COOC2C=C1(637) to model core

Summary of Model Enlargement
---------------------------------
Added 1 new core species
    C1=C[C]2COOC2C=C1(637)
Created 0 new edge species
Moved 1 reactions from edge to core
    tolylperoxy(7) <=> C1=C[C]2COOC2C=C1(637)
Added 0 new core reactions
Created 0 new edge reactions

After model enlargement:
    The model core has 20 species and 8 reactions
    The model edge has 815 species and 2345 reactions


At time 1.0000e+02 s, reached target termination time.
    toluene(1) conversion: 8.26e-07  

For reaction generation 1 process is used.
Generating thermo for new species...
Generating kinetics for new reactions...
For reaction C1=C[C]2COOC2C=C1(637) <=> C1=CC2C1[C]1COOC12(836), Ea raised from 299.4 to 300.6 kJ/mol to match endothermicity of reaction.

Summary of Secondary Model Edge Enlargement
---------------------------------
Added 0 new core species
Created 40 new edge species
    [CH]1OOCC2=CC=CC12(833)
    [C]1C=CC=C2COOC12(834)
    [CH]1C2C=C3COOC3C12(835)
    C1=CC2C1[C]1COOC12(836)
    [CH]1C=CC2C3OOCC123(837)
    [C]1=CC=CC=COOC1(838)
    [CH]1CC=CC2=C1OOC2(839)
    [CH]1CC=CC2=COOC12(840)
    C1=CC=C2COOC2C=1(841)
    [CH]1C=CC=C2COO[C]12(842)
    [CH]1OOC2[CH]C=CC=C12(843)
    [C]1=C2COOC2[CH]C=C1(844)
    [C]1=CC=C2COOC2[CH]1(845)
    [C]1=C[CH]C2OOCC2=C1(846)
    C1=CC[C]2OOCC2=C1(847)
    [C]1=CC=C2COOC2C1(848)
    [C]1=CCC2OOCC2=C1(849)
    [CH]1OOC2CC=CC=C12(850)
    [C]1=C2COOC2CC=C1(851)
    [CH]1C2C=CC3OOCC123(852)
    C1=CC=CC2OOCC=12(853)
    [C]1=C2COOC2C=CC1(854)
    [C]1=CC2OOCC2=CC1(855)
    [C]1=CCC=C2COOC12(856)
    C1=C[C]2OOCC2=CC1(857)
    [CH]1OOC2C=CCC=C12(858)
    [CH]1OOCC12C=CC=C2(859)
    [CH]1C2C=CC23COOC13(860)
    [CH]=CC=CC1=COOC1(861)
    C1=CC[C]2COOC2=C1(862)
    C1=CC2=COOC2C=C1(863)
    C1=C[C]2OOCC2C=C1(864)
    [CH]1OOC2C=CC=CC12(865)
    [C]1=CC=CC2OOCC12(866)
    [C]1=CC=CC2COOC12(867)
    [C]1=CC2COOC2C=C1(868)
    [C]1=CC2OOCC2C=C1(869)
    [O]OC1C=CC=C2COOC21(870)
    [O]OC1C=CC2OOCC2=C1(871)
    [O]OC12C=CC=CC1OOC2(872)
Added 0 new core reactions
Created 48 new edge reactions
    [CH]1OOCC2=CC=CC12(833) <=> C1=C[C]2COOC2C=C1(637)
    H(11) + [C]1C=CC=C2COOC12(834) <=> C1=C[C]2COOC2C=C1(637)
    C1=C[C]2COOC2C=C1(637) <=> [CH]1C2C=C3COOC3C12(835)
    C1=C[C]2COOC2C=C1(637) <=> C1=CC2C1[C]1COOC12(836)
    C1=C[C]2COOC2C=C1(637) <=> [CH]1C=CC2C3OOCC123(837)
    [C]1=CC=CC=COOC1(838) <=> C1=C[C]2COOC2C=C1(637)
    [CH]1CC=CC2=C1OOC2(839) <=> C1=C[C]2COOC2C=C1(637)
    [CH]1CC=CC2=COOC12(840) <=> C1=C[C]2COOC2C=C1(637)
    H(11) + 1,2 bzd(9) <=> C1=C[C]2COOC2C=C1(637)
    H(11) + C1=CC=C2COOC2C=1(841) <=> C1=C[C]2COOC2C=C1(637)
    H(11) + [CH]1C=CC=C2COO[C]12(842) <=> C1=C[C]2COOC2C=C1(637)
    H(11) + [CH]1OOC2[CH]C=CC=C12(843) <=> C1=C[C]2COOC2C=C1(637)
    H(11) + [C]1=C2COOC2[CH]C=C1(844) <=> C1=C[C]2COOC2C=C1(637)
    H(11) + [C]1=CC=C2COOC2[CH]1(845) <=> C1=C[C]2COOC2C=C1(637)
    H(11) + [C]1=C[CH]C2OOCC2=C1(846) <=> C1=C[C]2COOC2C=C1(637)
    C1=CC[C]2OOCC2=C1(847) <=> C1=C[C]2COOC2C=C1(637)
    [C]1=CC=C2COOC2C1(848) <=> C1=C[C]2COOC2C=C1(637)
    [C]1=CCC2OOCC2=C1(849) <=> C1=C[C]2COOC2C=C1(637)
    [CH]1OOC2CC=CC=C12(850) <=> C1=C[C]2COOC2C=C1(637)
    [C]1=C2COOC2CC=C1(851) <=> C1=C[C]2COOC2C=C1(637)
    C1=C[C]2COOC2C=C1(637) <=> [CH]1C2C=CC3OOCC123(852)
    H(11) + C1=CC=CC2OOCC=12(853) <=> C1=C[C]2COOC2C=C1(637)
    [C]1=C2COOC2C=CC1(854) <=> C1=C[C]2COOC2C=C1(637)
    [C]1=CC2OOCC2=CC1(855) <=> C1=C[C]2COOC2C=C1(637)
    [C]1=CCC=C2COOC12(856) <=> C1=C[C]2COOC2C=C1(637)
    C1=C[C]2OOCC2=CC1(857) <=> C1=C[C]2COOC2C=C1(637)
    [CH]1OOC2C=CCC=C12(858) <=> C1=C[C]2COOC2C=C1(637)
    [CH]1OOCC12C=CC=C2(859) <=> C1=C[C]2COOC2C=C1(637)
    C1=C[C]2COOC2C=C1(637) <=> [CH]1C2C=CC23COOC13(860)
    C=C1C=CC=CC1O[O](635) <=> C1=C[C]2COOC2C=C1(637)
    [CH]=CC=CC1=COOC1(861) <=> C1=C[C]2COOC2C=C1(637)
    C1=CC[C]2COOC2=C1(862) <=> C1=C[C]2COOC2C=C1(637)
    H(11) + C1=CC2=COOC2C=C1(863) <=> C1=C[C]2COOC2C=C1(637)
    C1=C[C]2OOCC2C=C1(864) <=> C1=C[C]2COOC2C=C1(637)
    [CH]1OOC2C=CC=CC12(865) <=> C1=C[C]2COOC2C=C1(637)
    [C]1=CC=CC2OOCC12(866) <=> C1=C[C]2COOC2C=C1(637)
    [C]1=CC=CC2COOC12(867) <=> C1=C[C]2COOC2C=C1(637)
    [C]1=CC2COOC2C=C1(868) <=> C1=C[C]2COOC2C=C1(637)
    [C]1=CC2OOCC2C=C1(869) <=> C1=C[C]2COOC2C=C1(637)
    O2(6) + C1=C[C]2COOC2C=C1(637) <=> HO2(15) + 1,2 bzd(9)
    O2(6) + C1=C[C]2COOC2C=C1(637) <=> HO2(15) + C1=CC=C2COOC2C=1(841)
    HO2(15) + [C]1C=CC=C2COOC12(834) <=> O2(6) + C1=C[C]2COOC2C=C1(637)
    HO2(15) + [C]1=C[CH]C2OOCC2=C1(846) <=> O2(6) + C1=C[C]2COOC2C=C1(637)
    O2(6) + C1=C[C]2COOC2C=C1(637) <=> [O]OC1C=CC=C2COOC21(870)
    O2(6) + C1=C[C]2COOC2C=C1(637) <=> HO2(15) + C1=CC=CC2OOCC=12(853)
    O2(6) + C1=C[C]2COOC2C=C1(637) <=> [O]OC1C=CC2OOCC2=C1(871)
    O2(6) + C1=C[C]2COOC2C=C1(637) <=> HO2(15) + C1=CC2=COOC2C=C1(863)
    O2(6) + C1=C[C]2COOC2C=C1(637) <=> [O]OC12C=CC=CC1OOC2(872)

After model enlargement:
    The model core has 20 species and 8 reactions
    The model edge has 855 species and 2393 reactions


Saving current model core to Chemkin file...
Chemkin file contains 8 reactions.
Saving annotated version of Chemkin file...
Chemkin file contains 8 reactions.
Saving current model core and edge to Chemkin file...
Chemkin file contains 2407 reactions.
Saving annotated version of Chemkin file...
Chemkin file contains 2407 reactions.
Saving current model core to HTML file...
Saving current model edge to HTML file...
Updating RMG execution statistics...
    Execution time (DD:HH:MM:SS): 00:00:02:28
    Memory used: 938.55 MB
Generating plots of execution statistics...

Making seed mechanism...
Conducting simulation of reaction system 1...
At time 6.8719e-05 s, species [O]OC12C=CC=CC1OOC2(872) at 0.04969860011112991 exceeded the minimum rate for simulation interruption of 0.03
Reached max number of objects...preparing to terminate
At time 6.8719e-05 s, species [O]OC12C=CC=CC1OOC2(872) at rate ratio 0.04969860011112991 exceeded the minimum rate for moving to model core of 0.03
terminating simulation due to interrupt...


Adding species [O]OC12C=CC=CC1OOC2(872) to model core

Summary of Model Enlargement
---------------------------------
Added 1 new core species
    [O]OC12C=CC=CC1OOC2(872)
Created 0 new edge species
Moved 1 reactions from edge to core
    O2(6) + C1=C[C]2COOC2C=C1(637) <=> [O]OC12C=CC=CC1OOC2(872)
Added 0 new core reactions
Created 0 new edge reactions

After model enlargement:
    The model core has 21 species and 9 reactions
    The model edge has 854 species and 2392 reactions


At time 1.0000e+02 s, reached target termination time.
    toluene(1) conversion: 8.26e-07  

For reaction generation 1 process is used.
Generating thermo for new species...
Generating kinetics for new reactions...
For reaction [O]OC12C=CC=CC1OOC2(872) <=> [O]OC12COOC1C1C=CC12(874), Ea raised from 187.8 to 188.1 kJ/mol to match endothermicity of reaction.
For reaction [O]OC12C=CC=CC1OOC2(872) <=> [CH]1C2C=CC3OOCC13OO2(876), Ea raised from 132.8 to 133.7 kJ/mol to match endothermicity of reaction.
For reaction [O]OC12C=CC=CC1OOC2(872) <=> [CH]1C2C=CC3(COOC13)OO2(877), Ea raised from 64.4 to 66.8 kJ/mol to match endothermicity of reaction.
For reaction [O]OC12C=CC=CC1OOC2(872) <=> [CH]1C=CC23COOC2C1OO3(878), Ea raised from 34.7 to 35.2 kJ/mol to match endothermicity of reaction.
For reaction O2(6) + [O]OC12C=CC=CC1OOC2(872) <=> [O]OOOC12C=CC=CC1OOC2(893), Ea raised from 86.2 to 92.7 kJ/mol to match endothermicity of reaction.

Summary of Secondary Model Edge Enlargement
---------------------------------
Added 0 new core species
Created 21 new edge species
    [O]C12C=CC=CC1OOC2(873)
    [O]OC12COOC1C1C=CC12(874)
    [O]OC1=CC=CC=COOC1(875)
    [CH]1C2C=CC3OOCC13OO2(876)
    [CH]1C2C=CC3(COOC13)OO2(877)
    [CH]1C=CC23COOC2C1OO3(878)
    [CH]1C=CC2OOCC23OOC13(879)
    [O]OC12CC=CC=C1OOC2(880)
    [O]OC12C=CC=C[C]1OOC2(881)
    [O]OC12[CH]OOC1C=CC=C2(882)
    [O]OC12[C]=CC=CC1OOC2(883)
    [O]OC12C=CC=[C]C1OOC2(884)
    [O]OC12C=C[C]=CC1OOC2(885)
    [O]OC12C=[C]C=CC1OOC2(886)
    OOC12C=CC=C[C]1OOC2(887)
    OOC12[CH]OOC1C=CC=C2(888)
    OOC12[C]=CC=CC1OOC2(889)
    OOC12C=CC=[C]C1OOC2(890)
    OOC12C=[C]C=CC1OOC2(891)
    OOC12C=C[C]=CC1OOC2(892)
    [O]OOOC12C=CC=CC1OOC2(893)
Added 0 new core reactions
Created 30 new edge reactions
    O(12) + [O]C12C=CC=CC1OOC2(873) <=> [O]OC12C=CC=CC1OOC2(872)
    [O]OC12C=CC=CC1OOC2(872) <=> HO2(15) + 1,2 bzd(9)
    [O]OC12C=CC=CC1OOC2(872) <=> HO2(15) + C1=CC2=COOC2C=C1(863)
    [O]OC12C=CC=CC1OOC2(872) <=> HO2(15) + C1=CC=CC2OOCC=12(853)
    [O]OC12C=CC=CC1OOC2(872) <=> [O]OC12COOC1C1C=CC12(874)
    [O]OC1=CC=CC=COOC1(875) <=> [O]OC12C=CC=CC1OOC2(872)
    [O]OC12C=CC=CC1OOC2(872) <=> [CH]1C2C=CC3OOCC13OO2(876)
    [O]OC12C=CC=CC1OOC2(872) <=> [CH]1C2C=CC3(COOC13)OO2(877)
    [O]OC12C=CC=CC1OOC2(872) <=> [CH]1C=CC23COOC2C1OO3(878)
    [O]OC12C=CC=CC1OOC2(872) <=> [CH]1C=CC2OOCC23OOC13(879)
    [O]OC12CC=CC=C1OOC2(880) <=> [O]OC12C=CC=CC1OOC2(872)
    H(11) + [O]OC12C=CC=C[C]1OOC2(881) <=> [O]OC12C=CC=CC1OOC2(872)
    H(11) + [O]OC12[CH]OOC1C=CC=C2(882) <=> [O]OC12C=CC=CC1OOC2(872)
    H(11) + [O]OC12[C]=CC=CC1OOC2(883) <=> [O]OC12C=CC=CC1OOC2(872)
    H(11) + [O]OC12C=CC=[C]C1OOC2(884) <=> [O]OC12C=CC=CC1OOC2(872)
    H(11) + [O]OC12C=C[C]=CC1OOC2(885) <=> [O]OC12C=CC=CC1OOC2(872)
    H(11) + [O]OC12C=[C]C=CC1OOC2(886) <=> [O]OC12C=CC=CC1OOC2(872)
    [O]OC12C=CC=CC1OOC2(872) <=> OOC12C=CC=C[C]1OOC2(887)
    [O]OC12C=CC=CC1OOC2(872) <=> OOC12[CH]OOC1C=CC=C2(888)
    OOC12[C]=CC=CC1OOC2(889) <=> [O]OC12C=CC=CC1OOC2(872)
    OOC12C=CC=[C]C1OOC2(890) <=> [O]OC12C=CC=CC1OOC2(872)
    OOC12C=[C]C=CC1OOC2(891) <=> [O]OC12C=CC=CC1OOC2(872)
    OOC12C=C[C]=CC1OOC2(892) <=> [O]OC12C=CC=CC1OOC2(872)
    HO2(15) + [O]OC12C=CC=C[C]1OOC2(881) <=> O2(6) + [O]OC12C=CC=CC1OOC2(872)
    HO2(15) + [O]OC12[CH]OOC1C=CC=C2(882) <=> O2(6) + [O]OC12C=CC=CC1OOC2(872)
    HO2(15) + [O]OC12[C]=CC=CC1OOC2(883) <=> O2(6) + [O]OC12C=CC=CC1OOC2(872)
    HO2(15) + [O]OC12C=CC=[C]C1OOC2(884) <=> O2(6) + [O]OC12C=CC=CC1OOC2(872)
    HO2(15) + [O]OC12C=C[C]=CC1OOC2(885) <=> O2(6) + [O]OC12C=CC=CC1OOC2(872)
    HO2(15) + [O]OC12C=[C]C=CC1OOC2(886) <=> O2(6) + [O]OC12C=CC=CC1OOC2(872)
    O2(6) + [O]OC12C=CC=CC1OOC2(872) <=> [O]OOOC12C=CC=CC1OOC2(893)

After model enlargement:
    The model core has 21 species and 9 reactions
    The model edge has 875 species and 2422 reactions


Saving current model core to Chemkin file...
Chemkin file contains 9 reactions.
Saving annotated version of Chemkin file...
Chemkin file contains 9 reactions.
Saving current model core and edge to Chemkin file...
Chemkin file contains 2437 reactions.
Saving annotated version of Chemkin file...
Chemkin file contains 2437 reactions.
Saving current model core to HTML file...
Saving current model edge to HTML file...
Updating RMG execution statistics...
    Execution time (DD:HH:MM:SS): 00:00:02:35
    Memory used: 938.69 MB
Generating plots of execution statistics...

Making seed mechanism...
Conducting simulation of reaction system 1...
At time 2.7488e-04 s, species [O]OC1C=CC2OOCC2=C1(871) at 0.04419302163732125 exceeded the minimum rate for simulation interruption of 0.03
Reached max number of objects...preparing to terminate
At time 2.7488e-04 s, species [O]OC1C=CC2OOCC2=C1(871) at rate ratio 0.04419302163732125 exceeded the minimum rate for moving to model core of 0.03
terminating simulation due to interrupt...


Adding species [O]OC1C=CC2OOCC2=C1(871) to model core

Summary of Model Enlargement
---------------------------------
Added 1 new core species
    [O]OC1C=CC2OOCC2=C1(871)
Created 0 new edge species
Moved 1 reactions from edge to core
    O2(6) + C1=C[C]2COOC2C=C1(637) <=> [O]OC1C=CC2OOCC2=C1(871)
Added 0 new core reactions
Created 0 new edge reactions

After model enlargement:
    The model core has 22 species and 10 reactions
    The model edge has 874 species and 2421 reactions


At time 1.0000e+02 s, reached target termination time.
    toluene(1) conversion: 8.26e-07  

For reaction generation 1 process is used.
Generating thermo for new species...
Generating kinetics for new reactions...
For reaction [O]OC1C=CC2OOCC2=C1(871) <=> [CH]1C2OOCC2=CC2OOC12(897), Ea raised from 138.4 to 138.7 kJ/mol to match endothermicity of reaction.
For reaction [O]OC1C=CC2OOCC2=C1(871) <=> C1=CC2OOC2[C]2COOC12(898), Ea raised from 132.4 to 135.0 kJ/mol to match endothermicity of reaction.
For reaction O2(6) + [O]OC1C=CC2OOCC2=C1(871) <=> [O]OOOC1C=CC2OOCC2=C1(911), Ea raised from 74.1 to 80.6 kJ/mol to match endothermicity of reaction.

Summary of Secondary Model Edge Enlargement
---------------------------------
Added 0 new core species
Created 18 new edge species
    [O]C1C=CC2OOCC2=C1(894)
    [O]OC=CC1=COOC1(895)
    [CH]1C2C=C3COOC3C1OO2(896)
    [CH]1C2OOCC2=CC2OOC12(897)
    C1=CC2OOC2[C]2COOC12(898)
    [O]OC1C=C[C]2OOCC2=C1(899)
    [O]O[C]1C=CC2OOCC2=C1(900)
    [O]OC1C=CC2OO[CH]C2=C1(901)
    [O]OC1[C]=C2COOC2C=C1(902)
    [O]OC1C=[C]C2OOCC2=C1(903)
    [O]OC1[C]=CC2OOCC2=C1(904)
    OO[C]1C=CC2OOCC2=C1(905)
    OOC1[C]=C2COOC2C=C1(906)
    OOC1[C]=CC2OOCC2=C1(907)
    OOC1C=[C]C2OOCC2=C1(908)
    OOC1C=C[C]2OOCC2=C1(909)
    OOC1C=CC2OO[CH]C2=C1(910)
    [O]OOOC1C=CC2OOCC2=C1(911)
Added 0 new core reactions
Created 27 new edge reactions
    O(12) + [O]C1C=CC2OOCC2=C1(894) <=> [O]OC1C=CC2OOCC2=C1(871)
    C2H2(39) + [O]OC=CC1=COOC1(895) <=> [O]OC1C=CC2OOCC2=C1(871)
    [O]OC1C=CC2OOCC2=C1(871) <=> HO2(15) + C1=CC=CC2OOCC=12(853)
    [O]OC1C=CC2OOCC2=C1(871) <=> HO2(15) + C1=CC=C2COOC2C=1(841)
    [O]OC1C=CC2OOCC2=C1(871) <=> [CH]1C2C=CC3OOCC13OO2(876)
    [O]OC1C=CC2OOCC2=C1(871) <=> [CH]1C2C=C3COOC3C1OO2(896)
    [O]OC1C=CC2OOCC2=C1(871) <=> [CH]1C2OOCC2=CC2OOC12(897)
    [O]OC1C=CC2OOCC2=C1(871) <=> C1=CC2OOC2[C]2COOC12(898)
    H(11) + [O]OC1C=C[C]2OOCC2=C1(899) <=> [O]OC1C=CC2OOCC2=C1(871)
    H(11) + [O]O[C]1C=CC2OOCC2=C1(900) <=> [O]OC1C=CC2OOCC2=C1(871)
    H(11) + [O]OC1C=CC2OO[CH]C2=C1(901) <=> [O]OC1C=CC2OOCC2=C1(871)
    H(11) + [O]OC1[C]=C2COOC2C=C1(902) <=> [O]OC1C=CC2OOCC2=C1(871)
    H(11) + [O]OC1C=[C]C2OOCC2=C1(903) <=> [O]OC1C=CC2OOCC2=C1(871)
    H(11) + [O]OC1[C]=CC2OOCC2=C1(904) <=> [O]OC1C=CC2OOCC2=C1(871)
    [O]OC1C=CC2OOCC2=C1(871) <=> OO[C]1C=CC2OOCC2=C1(905)
    [O]OC1C=CC2OOCC2=C1(871) <=> OOC1[C]=C2COOC2C=C1(906)
    [O]OC1C=CC2OOCC2=C1(871) <=> OOC1[C]=CC2OOCC2=C1(907)
    OOC1C=[C]C2OOCC2=C1(908) <=> [O]OC1C=CC2OOCC2=C1(871)
    [O]OC1C=CC2OOCC2=C1(871) <=> OOC1C=C[C]2OOCC2=C1(909)
    [O]OC1C=CC2OOCC2=C1(871) <=> OOC1C=CC2OO[CH]C2=C1(910)
    HO2(15) + [O]OC1C=C[C]2OOCC2=C1(899) <=> O2(6) + [O]OC1C=CC2OOCC2=C1(871)
    HO2(15) + [O]O[C]1C=CC2OOCC2=C1(900) <=> O2(6) + [O]OC1C=CC2OOCC2=C1(871)
    HO2(15) + [O]OC1C=CC2OO[CH]C2=C1(901) <=> O2(6) + [O]OC1C=CC2OOCC2=C1(871)
    HO2(15) + [O]OC1[C]=C2COOC2C=C1(902) <=> O2(6) + [O]OC1C=CC2OOCC2=C1(871)
    HO2(15) + [O]OC1C=[C]C2OOCC2=C1(903) <=> O2(6) + [O]OC1C=CC2OOCC2=C1(871)
    HO2(15) + [O]OC1[C]=CC2OOCC2=C1(904) <=> O2(6) + [O]OC1C=CC2OOCC2=C1(871)
    O2(6) + [O]OC1C=CC2OOCC2=C1(871) <=> [O]OOOC1C=CC2OOCC2=C1(911)

After model enlargement:
    The model core has 22 species and 10 reactions
    The model edge has 892 species and 2448 reactions


Saving current model core to Chemkin file...
Chemkin file contains 10 reactions.
Saving annotated version of Chemkin file...
Chemkin file contains 10 reactions.
Saving current model core and edge to Chemkin file...
Chemkin file contains 2464 reactions.
Saving annotated version of Chemkin file...
Chemkin file contains 2464 reactions.
Saving current model core to HTML file...
Saving current model edge to HTML file...
Updating RMG execution statistics...
    Execution time (DD:HH:MM:SS): 00:00:02:41
    Memory used: 938.69 MB
Generating plots of execution statistics...

Making seed mechanism...
Conducting simulation of reaction system 1...
At time 1.0000e-03 s, species [O]OC1C=CC=C2COOC21(870) at 0.03651432575332021 exceeded the minimum rate for simulation interruption of 0.03
Reached max number of objects...preparing to terminate
At time 1.0000e-03 s, species [O]OC1C=CC=C2COOC21(870) at rate ratio 0.03651432575332021 exceeded the minimum rate for moving to model core of 0.03
terminating simulation due to interrupt...


Adding species [O]OC1C=CC=C2COOC21(870) to model core

Summary of Model Enlargement
---------------------------------
Added 1 new core species
    [O]OC1C=CC=C2COOC21(870)
Created 0 new edge species
Moved 1 reactions from edge to core
    O2(6) + C1=C[C]2COOC2C=C1(637) <=> [O]OC1C=CC=C2COOC21(870)
Added 0 new core reactions
Created 0 new edge reactions

After model enlargement:
    The model core has 23 species and 11 reactions
    The model edge has 891 species and 2447 reactions


At time 1.0000e+02 s, reached target termination time.
    toluene(1) conversion: 8.26e-07  

For reaction generation 1 process is used.
Generating thermo for new species...
Generating kinetics for new reactions...
For reaction O2(6) + [O]OC1C=CC=C2COOC21(870) <=> [O]OOOC1C=CC=C2COOC21(932), Ea raised from 74.1 to 80.6 kJ/mol to match endothermicity of reaction.

Summary of Secondary Model Edge Enlargement
---------------------------------
Added 0 new core species
Created 21 new edge species
    [O]C1C=CC=C2COOC21(912)
    [O]OC1C2C=CC23COOC13(913)
    [O]OC=CC=CC1=COOC1(914)
    C1=CC2OOC1[C]1COOC12(915)
    [CH]1C=C2COOC2C2OOC12(916)
    [O]OC1CC=CC2=C1OOC2(917)
    [O]OC1CC=CC2=COOC21(918)
    [O]OC1=CC=CC2COOC12(919)
    [O]OC1C=CC=C2COO[C]21(920)
    [O]O[C]1C=CC=C2COOC12(921)
    [O]OC1C=CC=C2[CH]OOC21(922)
    [O]OC1[C]=CC=C2COOC21(923)
    [O]OC1C=C[C]=C2COOC21(924)
    [O]OC1C=[C]C=C2COOC21(925)
    OO[C]1C=CC=C2COOC12(926)
    OOC1C=CC=C2COO[C]21(927)
    OOC1[C]=CC=C2COOC21(928)
    OOC1C=[C]C=C2COOC21(929)
    OOC1C=CC=C2[CH]OOC21(930)
    OOC1C=C[C]=C2COOC21(931)
    [O]OOOC1C=CC=C2COOC21(932)
Added 0 new core reactions
Created 31 new edge reactions
    O(12) + [O]C1C=CC=C2COOC21(912) <=> [O]OC1C=CC=C2COOC21(870)
    [O]OC1C=CC=C2COOC21(870) <=> HO2(15) + 1,2 bzd(9)
    [O]OC1C=CC=C2COOC21(870) <=> HO2(15) + C1=CC=C2COOC2C=1(841)
    [O]OC1C=CC=C2COOC21(870) <=> [O]OC1C2C=CC23COOC13(913)
    [O]OC=CC=CC1=COOC1(914) <=> [O]OC1C=CC=C2COOC21(870)
    [O]OC1C=CC=C2COOC21(870) <=> [CH]1C2C=C3COOC3C1OO2(896)
    [O]OC1C=CC=C2COOC21(870) <=> C1=CC2OOC1[C]1COOC12(915)
    [O]OC1C=CC=C2COOC21(870) <=> [CH]1C=CC23COOC2C1OO3(878)
    [O]OC1C=CC=C2COOC21(870) <=> [CH]1C=C2COOC2C2OOC12(916)
    [O]OC1CC=CC2=C1OOC2(917) <=> [O]OC1C=CC=C2COOC21(870)
    [O]OC1CC=CC2=COOC21(918) <=> [O]OC1C=CC=C2COOC21(870)
    [O]OC1=CC=CC2COOC12(919) <=> [O]OC1C=CC=C2COOC21(870)
    H(11) + [O]OC1C=CC=C2COO[C]21(920) <=> [O]OC1C=CC=C2COOC21(870)
    H(11) + [O]O[C]1C=CC=C2COOC12(921) <=> [O]OC1C=CC=C2COOC21(870)
    H(11) + [O]OC1C=CC=C2[CH]OOC21(922) <=> [O]OC1C=CC=C2COOC21(870)
    H(11) + [O]OC1[C]=CC=C2COOC21(923) <=> [O]OC1C=CC=C2COOC21(870)
    H(11) + [O]OC1C=C[C]=C2COOC21(924) <=> [O]OC1C=CC=C2COOC21(870)
    H(11) + [O]OC1C=[C]C=C2COOC21(925) <=> [O]OC1C=CC=C2COOC21(870)
    [O]OC1C=CC=C2COOC21(870) <=> OO[C]1C=CC=C2COOC12(926)
    [O]OC1C=CC=C2COOC21(870) <=> OOC1C=CC=C2COO[C]21(927)
    OOC1[C]=CC=C2COOC21(928) <=> [O]OC1C=CC=C2COOC21(870)
    OOC1C=[C]C=C2COOC21(929) <=> [O]OC1C=CC=C2COOC21(870)
    [O]OC1C=CC=C2COOC21(870) <=> OOC1C=CC=C2[CH]OOC21(930)
    OOC1C=C[C]=C2COOC21(931) <=> [O]OC1C=CC=C2COOC21(870)
    HO2(15) + [O]OC1C=CC=C2COO[C]21(920) <=> O2(6) + [O]OC1C=CC=C2COOC21(870)
    HO2(15) + [O]O[C]1C=CC=C2COOC12(921) <=> O2(6) + [O]OC1C=CC=C2COOC21(870)
    HO2(15) + [O]OC1C=CC=C2[CH]OOC21(922) <=> O2(6) + [O]OC1C=CC=C2COOC21(870)
    HO2(15) + [O]OC1[C]=CC=C2COOC21(923) <=> O2(6) + [O]OC1C=CC=C2COOC21(870)
    HO2(15) + [O]OC1C=C[C]=C2COOC21(924) <=> O2(6) + [O]OC1C=CC=C2COOC21(870)
    HO2(15) + [O]OC1C=[C]C=C2COOC21(925) <=> O2(6) + [O]OC1C=CC=C2COOC21(870)
    O2(6) + [O]OC1C=CC=C2COOC21(870) <=> [O]OOOC1C=CC=C2COOC21(932)

After model enlargement:
    The model core has 23 species and 11 reactions
    The model edge has 912 species and 2478 reactions


Saving current model core to Chemkin file...
Chemkin file contains 11 reactions.
Saving annotated version of Chemkin file...
Chemkin file contains 11 reactions.
Saving current model core and edge to Chemkin file...
Chemkin file contains 2495 reactions.
Saving annotated version of Chemkin file...
Chemkin file contains 2495 reactions.
Saving current model core to HTML file...
Saving current model edge to HTML file...
Updating RMG execution statistics...
    Execution time (DD:HH:MM:SS): 00:00:02:49
    Memory used: 939.08 MB
Generating plots of execution statistics...

Making seed mechanism...
Conducting simulation of reaction system 1...
At time 2.1990e-03 s, species HO2(15) at 0.05570670667579283 exceeded the minimum rate for simulation interruption of 0.03
Reached max number of objects...preparing to terminate
At time 2.1990e-03 s, species HO2(15) at rate ratio 0.05570670667579283 exceeded the minimum rate for moving to model core of 0.03
terminating simulation due to interrupt...


Adding species HO2(15) to model core

Summary of Model Enlargement
---------------------------------
Added 1 new core species
    HO2(15)
Created 0 new edge species
Moved 8 reactions from edge to core
    OH(8) + HO2(15) <=> O2(6) + H2O(14)
    O2(6) + toluene(1) <=> HO2(15) + tolyl(2)
    O2(6) + MHCHD(4) <=> HO2(15) + o-cresol(3)
    CC1(O[O])C=CC=CC1O(514) <=> HO2(15) + o-cresol(3)
    CC1=CC=CC(O[O])C1O(512) <=> HO2(15) + o-cresol(3)
    O2(6) + C1=C[C]2COOC2C=C1(637) <=> HO2(15) + 1,2 bzd(9)
    [O]OC12C=CC=CC1OOC2(872) <=> HO2(15) + 1,2 bzd(9)
    [O]OC1C=CC=C2COOC21(870) <=> HO2(15) + 1,2 bzd(9)
Added 0 new core reactions
Created 0 new edge reactions

After model enlargement:
    The model core has 24 species and 19 reactions
    The model edge has 911 species and 2470 reactions


At time 1.0000e+02 s, reached target termination time.
    toluene(1) conversion: 8.26e-07  

For reaction generation 1 process is used.
Generating thermo for new species...
Generating kinetics for new reactions...
For reaction HO2(15) + toluene(1) <=> H2O2(16) + Cc1[c]cccc1(292), Ea raised from 59.6 to 104.8 kJ/mol to match endothermicity of reaction.
For reaction HO2(15) + toluene(1) <=> H2O2(16) + Cc1c[c]ccc1(293), Ea raised from 60.8 to 104.8 kJ/mol to match endothermicity of reaction.
For reaction HO2(15) + toluene(1) <=> H2O2(16) + Cc1cc[c]cc1(294), Ea raised from 61.6 to 104.8 kJ/mol to match endothermicity of reaction.
For reaction O2(6) + o-cresol(3) <=> CC1(O[O])C=CC=C[C]1O(662), Ea raised from 86.0 to 90.1 kJ/mol to match endothermicity of reaction.
For reaction O2(6) + o-cresol(3) <=> C[C]1C=CC=CC1(O)O[O](1176), Ea raised from 110.0 to 113.6 kJ/mol to match endothermicity of reaction.
For reaction O2(6) + o-cresol(3) <=> C[C]1C(O)=CC=CC1O[O](1177), Ea raised from 109.1 to 112.7 kJ/mol to match endothermicity of reaction.
For reaction O2(6) + o-cresol(3) <=> CC1=CC=CC(O[O])[C]1O(791), Ea raised from 109.4 to 113.5 kJ/mol to match endothermicity of reaction.
For reaction O2(6) + o-cresol(3) <=> CC1=C(O)[CH]C(O[O])C=C1(1178), Ea raised from 109.4 to 113.5 kJ/mol to match endothermicity of reaction.
For reaction O2(6) + o-cresol(3) <=> CC1=CC(O[O])C=C[C]1O(766), Ea raised from 109.1 to 112.7 kJ/mol to match endothermicity of reaction.
For reaction O2(6) + 1,2 bzd(9) <=> [O]OC12C=CC=C[C]1OOC2(881), Ea raised from 124.6 to 128.9 kJ/mol to match endothermicity of reaction.
For reaction O2(6) + 1,2 bzd(9) <=> [O]OC12C=CC=C[C]1COO2(1179), Ea raised from 102.3 to 106.1 kJ/mol to match endothermicity of reaction.
For reaction O2(6) + 1,2 bzd(9) <=> [O]OC1C=CC=C2OOC[C]21(1180), Ea raised from 176.4 to 180.8 kJ/mol to match endothermicity of reaction.
For reaction O2(6) + 1,2 bzd(9) <=> [O]OC1C=CC=C2COO[C]21(920), Ea raised from 176.7 to 181.6 kJ/mol to match endothermicity of reaction.
For reaction O2(6) + 1,2 bzd(9) <=> [O]OC1[CH]C2=C(C=C1)COO2(1181), Ea raised from 176.7 to 181.6 kJ/mol to match endothermicity of reaction.
For reaction O2(6) + 1,2 bzd(9) <=> [O]OC1C=C[C]2OOCC2=C1(899), Ea raised from 176.4 to 180.8 kJ/mol to match endothermicity of reaction.
For reaction O2(6) + HO2(15) <=> [O]OOO(1182), Ea raised from 76.1 to 82.5 kJ/mol to match endothermicity of reaction.

Summary of Secondary Model Edge Enlargement
---------------------------------
Added 0 new core species
Created 250 new edge species
    Oc1ccccc1(933)
    [CH2]C1C=CC=C[C]1O(934)
    CC1[C]=CC=C[C]1O(935)
    CC1=[C]C[CH]C=C1O(936)
    CC1=C[CH]C[C]=C1O(937)
    CC1=CC=[C]C[C]1O(938)
    CC1=C(O)C=[C]C[CH]1(939)
    C[C]1C[C]=CC=C1O(940)
    CC1=C(O)[CH]C[C]=C1(941)
    [CH2]C1=C(O)C=C[CH]C1(942)
    CC1[CH]C=CC=C1[O](943)
    CC1=C([O])C[CH]C=C1(944)
    CC1[CH]C=C[C]=C1O(945)
    CC1C=[C]C=C[C]1O(946)
    CC1=C(O)[C]=CC[CH]1(947)
    CC1=C[C]=CC[C]1O(948)
    CC1=C(O)[CH]CC=[C]1(949)
    C[C]1CC=[C]C=C1O(950)
    [CH2]C1=CC=CC[C]1O(951)
    [CH2]C1=C(O)C=CC[CH]1(952)
    CC1=[C]C=CC[C]1O(953)
    C[C]1CC=CC=C1[O](954)
    CC1=C([O])[CH]CC=C1(955)
    C[C]1CC=C[C]=C1O(956)
    CC1C=C[C]=C[C]1O(957)
    [CH2]C1=C(O)[CH]CC=C1(958)
    CC1=C([O])C=CC[CH]1(959)
    Cc1ccccc1[O](960)
    Oc1[c]cccc1(961)
    [CH2]c1ccccc1O(962)
    Cc1[c]cccc1O(963)
    Cc1ccc[c]c1O(964)
    Cc1cc[c]cc1O(965)
    Cc1c[c]ccc1O(966)
    CC1[C]C=CC=C1O(967)
    CC1=C(O)C=CC[C]1(968)
    CC1=CC=C[C]C1O(969)
    CC1=C(O)[C]CC=C1(970)
    CC1=C(O)C[C]C=C1(971)
    CC1=CC[C]C=C1O(972)
    CC1=C(O)C=C[C]C1(973)
    CC1=C[C]CC=C1O(974)
    C1=CC2[C]3OOC[C]3C12(975)
    [CH]1OO[C]2C=CC=CC12(976)
    [C]1=CC=C[C]2OOCC12(977)
    [C]1=C2COOC2=C[CH]C1(978)
    [C]1=C2OOCC2=C[CH]C1(979)
    [C]1=CC=C2COO[C]2C1(980)
    [C]1=CC2=C([CH]C1)COO2(981)
    [C]1=CC=C2OOC[C]2C1(982)
    [C]1=CC2=C([CH]C1)OOC2(983)
    [CH]1C=CC2=C([CH]OO2)C1(984)
    [C]1=C2OOCC2[CH]C=C1(985)
    [C]1=CC2COO[C]2C=C1(986)
    [C]1=CC[CH]C2=C1OOC2(987)
    [C]1=CC[C]2OOCC2=C1(988)
    [C]1=CC[CH]C2=C1COO2(989)
    [C]1=CC[C]2COOC2=C1(990)
    [CH]1OO[C]2CC=CC=C12(991)
    [CH]1CC=CC2=C1[CH]OO2(992)
    [C]1=C2COO[C]2CC=C1(993)
    [C]1=C2OOC[C]2CC=C1(994)
    [C]1=C[C]2OOCC2C=C1(995)
    [CH]1OOC2=C1C=CC[CH]2(996)
    [CH]1OOc2ccccc21(997)
    [c]1cccc2c1COO2(998)
    [c]1cccc2c1OOC2(999)
    [c]1ccc2c(c1)OOC2(1000)
    [c]1ccc2c(c1)COO2(1001)
    [C]1C=CC=C2OOCC12(1002)
    [C]1CC=CC2=C1COO2(1003)
    [C]1C=CC=C2COOC12(1004)
    [C]1CC=CC2=C1OOC2(1005)
    [C]1C=CC2=C(C1)OOC2(1006)
    [C]1C=C2OOCC2=CC1(1007)
    [C]1C=CC2=C(C1)COO2(1008)
    [C]1C=C2COOC2=CC1(1009)
    C[C]1C=CC=CC1C12C=CC=C[C]1COO2(1010)
    C[C]1C=CC=CC1C1C=CC=C2OOC[C]21(1011)
    C[C]1C=CC=CC1C12C=CC=C[C]1OOC2(1012)
    C[C]1C=CC=CC1C1C=CC=C2COO[C]21(1013)
    C[C]1C=CC=CC1C1[CH]C2=C(C=C1)OOC2(1014)
    C[C]1C=CC=CC1C1[CH]C2=C(C=C1)COO2(1015)
    CC1(C23C=CC=C[C]2COO3)[CH]C=CC=C1(1016)
    CC1(C2C=CC=C3OOC[C]32)[CH]C=CC=C1(1017)
    CC1(C23C=CC=C[C]2OOC3)[CH]C=CC=C1(1018)
    CC1(C2C=CC=C3COO[C]32)[CH]C=CC=C1(1019)
    CC1(C2[CH]C3=C(C=C2)OOC3)[CH]C=CC=C1(1020)
    CC1(C2[CH]C3=C(C=C2)COO3)[CH]C=CC=C1(1021)
    CC1=CC=CC(C23C=CC=C[C]2COO3)[CH]1(1022)
    CC1=CC=CC(C2C=CC=C3OOC[C]32)[CH]1(1023)
    CC1=CC=CC(C23C=CC=C[C]2OOC3)[CH]1(1024)
    CC1=CC=CC(C2C=CC=C3COO[C]32)[CH]1(1025)
    CC1=CC=CC(C2[CH]C3=C(C=C2)OOC3)[CH]1(1026)
    CC1=CC=CC(C2[CH]C3=C(C=C2)COO3)[CH]1(1027)
    CC1=C[CH]C(C23C=CC=C[C]2COO3)C=C1(1028)
    CC1=C[CH]C(C2C=CC=C3OOC[C]32)C=C1(1029)
    CC1=C[CH]C(C23C=CC=C[C]2OOC3)C=C1(1030)
    CC1=C[CH]C(C2C=CC=C3COO[C]32)C=C1(1031)
    CC1=C[CH]C(C2[CH]C3=C(C=C2)OOC3)C=C1(1032)
    CC1=C[CH]C(C2[CH]C3=C(C=C2)COO3)C=C1(1033)
    C=C1C=CC=CC1C12C=CC=CC1OOC2(1034)
    C=C1C=CC=CC1C12CC=CC=C1OOC2(1035)
    C=C1C=CC=CC1C12C=CC=CC1COO2(1036)
    C=C1C=CC=CC1C12CC=CC=C1COO2(1037)
    C=C1C=CC=CC1C1C=CC=C2OOCC21(1038)
    C=C1C=CC=CC1C1CC=CC2=C1COO2(1039)
    C=C1C=CC=CC1C1C=CC=C2COOC21(1040)
    C=C1C=CC=CC1C1CC=CC2=C1OOC2(1041)
    C=C1C=CC=CC1C1C=CC2=C(C1)OOC2(1042)
    C=C1C=CC=CC1C1C=C2OOCC2=CC1(1043)
    C=C1C=CC=CC1C1C=CC2=C(COO2)C1(1044)
    C=C1C=CC=CC1C1C=C2COOC2=CC1(1045)
    CC1=C=CC=CC1C12C=CC=CC1OOC2(1046)
    CC1=C=CC=CC1C12CC=CC=C1OOC2(1047)
    CC1=C=CC=CC1C12C=CC=CC1COO2(1048)
    CC1=C=CC=CC1C12CC=CC=C1COO2(1049)
    CC1=C=CC=CC1C1C=CC=C2OOCC21(1050)
    CC1=C=CC=CC1C1CC=CC2=C1COO2(1051)
    CC1=C=CC=CC1C1C=CC=C2COOC21(1052)
    CC1=C=CC=CC1C1CC=CC2=C1OOC2(1053)
    CC1=C=CC=CC1C1C=CC2=C(C1)OOC2(1054)
    CC1=C=CC=CC1C1C=C2OOCC2=CC1(1055)
    CC1=C=CC=CC1C1C=CC2=C(COO2)C1(1056)
    CC1=C=CC=CC1C1C=C2COOC2=CC1(1057)
    CC1=C=CC(C23C=CC=CC2OOC3)C=C1(1058)
    CC1=C=CC(C23CC=CC=C2OOC3)C=C1(1059)
    CC1=C=CC(C23C=CC=CC2COO3)C=C1(1060)
    CC1=C=CC(C23CC=CC=C2COO3)C=C1(1061)
    CC1=C=CC(C2C=CC=C3OOCC32)C=C1(1062)
    CC1=C=CC(C2CC=CC3=C2COO3)C=C1(1063)
    CC1=C=CC(C2C=CC=C3COOC32)C=C1(1064)
    CC1=C=CC(C2CC=CC3=C2OOC3)C=C1(1065)
    CC1=C=CC(C2C=CC3=C(C2)OOC3)C=C1(1066)
    CC1=C=CC(C2C=C3OOCC3=CC2)C=C1(1067)
    CC1=C=CC(C2C=CC3=C(COO3)C2)C=C1(1068)
    CC1=C=CC(C2C=C3COOC3=CC2)C=C1(1069)
    CC1(C23C=CC=CC2OOC3)C=C=CC=C1(1070)
    CC1(C23CC=CC=C2OOC3)C=C=CC=C1(1071)
    CC1(C23C=CC=CC2COO3)C=C=CC=C1(1072)
    CC1(C23CC=CC=C2COO3)C=C=CC=C1(1073)
    CC1(C2C=CC=C3OOCC32)C=C=CC=C1(1074)
    CC1(C2CC=CC3=C2COO3)C=C=CC=C1(1075)
    CC1(C2C=CC=C3COOC32)C=C=CC=C1(1076)
    CC1(C2CC=CC3=C2OOC3)C=C=CC=C1(1077)
    CC1(C2C=CC3=C(C2)OOC3)C=C=CC=C1(1078)
    CC1(C2C=C3OOCC3=CC2)C=C=CC=C1(1079)
    CC1(C2C=CC3=C(COO3)C2)C=C=CC=C1(1080)
    CC1(C2C=C3COOC3=CC2)C=C=CC=C1(1081)
    CC1=CC(C23C=CC=CC2OOC3)C=C=C1(1082)
    CC1=CC(C23CC=CC=C2OOC3)C=C=C1(1083)
    CC1=CC(C23C=CC=CC2COO3)C=C=C1(1084)
    CC1=CC(C23CC=CC=C2COO3)C=C=C1(1085)
    CC1=CC(C2C=CC=C3OOCC32)C=C=C1(1086)
    CC1=CC(C2CC=CC3=C2COO3)C=C=C1(1087)
    CC1=CC(C2C=CC=C3COOC32)C=C=C1(1088)
    CC1=CC(C2CC=CC3=C2OOC3)C=C=C1(1089)
    CC1=CC(C2C=CC3=C(C2)OOC3)C=C=C1(1090)
    CC1=CC(C2C=C3OOCC3=CC2)C=C=C1(1091)
    CC1=CC(C2C=CC3=C(COO3)C2)C=C=C1(1092)
    CC1=CC(C2C=C3COOC3=CC2)C=C=C1(1093)
    CC1=CC=C=CC1C12C=CC=CC1OOC2(1094)
    CC1=CC=C=CC1C12CC=CC=C1OOC2(1095)
    CC1=CC=C=CC1C12C=CC=CC1COO2(1096)
    CC1=CC=C=CC1C12CC=CC=C1COO2(1097)
    CC1=CC=C=CC1C1C=CC=C2OOCC21(1098)
    CC1=CC=C=CC1C1CC=CC2=C1COO2(1099)
    CC1=CC=C=CC1C1C=CC=C2COOC21(1100)
    CC1=CC=C=CC1C1CC=CC2=C1OOC2(1101)
    CC1=CC=C=CC1C1C=CC2=C(C1)OOC2(1102)
    CC1=CC=C=CC1C1C=C2OOCC2=CC1(1103)
    CC1=CC=C=CC1C1C=CC2=C(COO2)C1(1104)
    CC1=CC=C=CC1C1C=C2COOC2=CC1(1105)
    CC1(C23C=CC=CC2=COO3)C=CC=CC1(1106)
    CC1(C2C=CC=C3OOC=C32)C=CC=CC1(1107)
    CC1(C23C=CC=C=C2COO3)C=CC=CC1(1108)
    CC1(C2C=C=C3COOC3=C2)C=CC=CC1(1109)
    CC1(C23C=CC=C=C2OOC3)C=CC=CC1(1110)
    CC1(C2C=C=C3OOCC3=C2)C=CC=CC1(1111)
    CC1(C23C=C=CC=C2COO3)C=CC=CC1(1112)
    CC1(C2C=C=CC3=C2COO3)C=CC=CC1(1113)
    CC1(C23C=C=CC=C2OOC3)C=CC=CC1(1114)
    CC1(C2C=C=CC3=C2OOC3)C=CC=CC1(1115)
    CC1C=CC=CC1C12C=CC=CC1=COO2(1116)
    CC1C=CC=CC1C1C=CC=C2OOC=C21(1117)
    CC1C=CC=CC1C12C=CC=C=C1COO2(1118)
    CC1C=CC=CC1C1C=C=C2COOC2=C1(1119)
    CC1C=CC=CC1C12C=CC=C=C1OOC2(1120)
    CC1C=CC=CC1C1C=C=C2OOCC2=C1(1121)
    CC1C=CC=CC1C12C=C=CC=C1COO2(1122)
    CC1C=CC=CC1C1C=C=CC2=C1COO2(1123)
    CC1C=CC=CC1C12C=C=CC=C1OOC2(1124)
    CC1C=CC=CC1C1C=C=CC2=C1OOC2(1125)
    CC1=CC=CCC1C12C=CC=CC1=COO2(1126)
    CC1=CC=CCC1C1C=CC=C2OOC=C21(1127)
    CC1=CC=CCC1C12C=CC=C=C1COO2(1128)
    CC1=CC=CCC1C1C=C=C2COOC2=C1(1129)
    CC1=CC=CCC1C12C=CC=C=C1OOC2(1130)
    CC1=CC=CCC1C1C=C=C2OOCC2=C1(1131)
    CC1=CC=CCC1C12C=C=CC=C1COO2(1132)
    CC1=CC=CCC1C1C=C=CC2=C1COO2(1133)
    CC1=CC=CCC1C12C=C=CC=C1OOC2(1134)
    CC1=CC=CCC1C1C=C=CC2=C1OOC2(1135)
    CC1=CC=CC(C23C=CC=CC2=COO3)C1(1136)
    CC1=CC=CC(C2C=CC=C3OOC=C32)C1(1137)
    CC1=CC=CC(C23C=CC=C=C2COO3)C1(1138)
    CC1=CC=CC(C2C=C=C3COOC3=C2)C1(1139)
    CC1=CC=CC(C23C=CC=C=C2OOC3)C1(1140)
    CC1=CC=CC(C2C=C=C3OOCC3=C2)C1(1141)
    CC1=CC=CC(C23C=C=CC=C2COO3)C1(1142)
    CC1=CC=CC(C2C=C=CC3=C2COO3)C1(1143)
    CC1=CC=CC(C23C=C=CC=C2OOC3)C1(1144)
    CC1=CC=CC(C2C=C=CC3=C2OOC3)C1(1145)
    CC1=CC(C23C=CC=CC2=COO3)CC=C1(1146)
    CC1=CC(C2C=CC=C3OOC=C32)CC=C1(1147)
    CC1=CC(C23C=CC=C=C2COO3)CC=C1(1148)
    CC1=CC(C2C=C=C3COOC3=C2)CC=C1(1149)
    CC1=CC(C23C=CC=C=C2OOC3)CC=C1(1150)
    CC1=CC(C2C=C=C3OOCC3=C2)CC=C1(1151)
    CC1=CC(C23C=C=CC=C2COO3)CC=C1(1152)
    CC1=CC(C2C=C=CC3=C2COO3)CC=C1(1153)
    CC1=CC(C23C=C=CC=C2OOC3)CC=C1(1154)
    CC1=CC(C2C=C=CC3=C2OOC3)CC=C1(1155)
    CC1=CCC(C23C=CC=CC2=COO3)C=C1(1156)
    CC1=CCC(C2C=CC=C3OOC=C32)C=C1(1157)
    CC1=CCC(C23C=CC=C=C2COO3)C=C1(1158)
    CC1=CCC(C2C=C=C3COOC3=C2)C=C1(1159)
    CC1=CCC(C23C=CC=C=C2OOC3)C=C1(1160)
    CC1=CCC(C2C=C=C3OOCC3=C2)C=C1(1161)
    CC1=CCC(C23C=C=CC=C2COO3)C=C1(1162)
    CC1=CCC(C2C=C=CC3=C2COO3)C=C1(1163)
    CC1=CCC(C23C=C=CC=C2OOC3)C=C1(1164)
    CC1=CCC(C2C=C=CC3=C2OOC3)C=C1(1165)
    CC1(O[O])C=CC=CC1(1166)
    CC1C=CC=CC1O[O](1167)
    CC1=CC=CCC1O[O](1168)
    CC1=CC=CC(O[O])C1(1169)
    CC1=CC(O[O])CC=C1(1170)
    CC1=CCC(O[O])C=C1(1171)
    CC1(OO)[CH]C=CC=C1(1172)
    C[C]1C=CC=CC1OO(1173)
    CC1=CC=CC(OO)[CH]1(1174)
    CC1=C[CH]C(OO)C=C1(1175)
    C[C]1C=CC=CC1(O)O[O](1176)
    C[C]1C(O)=CC=CC1O[O](1177)
    CC1=C(O)[CH]C(O[O])C=C1(1178)
    [O]OC12C=CC=C[C]1COO2(1179)
    [O]OC1C=CC=C2OOC[C]21(1180)
    [O]OC1[CH]C2=C(C=C1)COO2(1181)
    [O]OOO(1182)
Added 1 new core reactions
    tolyl(2) + C1=C[C]2COOC2C=C1(637) <=> 1,2 bzd(9) + toluene(1)
Created 331 new edge reactions
    CH2(S)(37) + Oc1ccccc1(933) <=> o-cresol(3)
    CC1=CC=C[CH]C1[O](369) <=> o-cresol(3)
    [CH2]C1C=CC=C[C]1O(934) <=> o-cresol(3)
    CC1[C]=CC=C[C]1O(935) <=> o-cresol(3)
    CC1=[C]C[CH]C=C1O(936) <=> o-cresol(3)
    CC1=CC=C[C]C1O(360) <=> o-cresol(3)
    CC1=C[CH]C[C]=C1O(937) <=> o-cresol(3)
    CC1=CC=[C]C[C]1O(938) <=> o-cresol(3)
    CC1=C(O)C=[C]C[CH]1(939) <=> o-cresol(3)
    C[C]1C[C]=CC=C1O(940) <=> o-cresol(3)
    CC1=C(O)[CH]C[C]=C1(941) <=> o-cresol(3)
    [CH2]C1=CC=C[CH]C1O(372) <=> o-cresol(3)
    [CH2]C1=C(O)C=C[CH]C1(942) <=> o-cresol(3)
    CC1=[C]C=C[CH]C1O(373) <=> o-cresol(3)
    CC1[CH]C=CC=C1[O](943) <=> o-cresol(3)
    CC1=C([O])C[CH]C=C1(944) <=> o-cresol(3)
    CC1[CH]C=C[C]=C1O(945) <=> o-cresol(3)
    CC1C=[C]C=C[C]1O(946) <=> o-cresol(3)
    CC1=CC=[C][CH]C1O(374) <=> o-cresol(3)
    CC1=C(O)[C]=CC[CH]1(947) <=> o-cresol(3)
    CC1=C[C]=CC[C]1O(948) <=> o-cresol(3)
    CC1=C(O)[CH]CC=[C]1(949) <=> o-cresol(3)
    C[C]1CC=[C]C=C1O(950) <=> o-cresol(3)
    [CH2]C1=CC=CC[C]1O(951) <=> o-cresol(3)
    [CH2]C1=C(O)C=CC[CH]1(952) <=> o-cresol(3)
    CC1=[C]C=CC[C]1O(953) <=> o-cresol(3)
    C[C]1CC=CC=C1[O](954) <=> o-cresol(3)
    CC1=C([O])[CH]CC=C1(955) <=> o-cresol(3)
    C[C]1CC=C[C]=C1O(956) <=> o-cresol(3)
    CC1=C[C]=C[CH]C1O(375) <=> o-cresol(3)
    CC1C=C[C]=C[C]1O(957) <=> o-cresol(3)
    [CH2]C1=C(O)[CH]CC=C1(958) <=> o-cresol(3)
    CC1=C([O])C=CC[CH]1(959) <=> o-cresol(3)
    OH(8) + Cc1[c]cccc1(292) <=> o-cresol(3)
    H(11) + Cc1ccccc1[O](960) <=> o-cresol(3)
    CH3(20) + Oc1[c]cccc1(961) <=> o-cresol(3)
    H(11) + [CH2]c1ccccc1O(962) <=> o-cresol(3)
    H(11) + Cc1[c]cccc1O(963) <=> o-cresol(3)
    H(11) + Cc1ccc[c]c1O(964) <=> o-cresol(3)
    H(11) + Cc1cc[c]cc1O(965) <=> o-cresol(3)
    H(11) + Cc1c[c]ccc1O(966) <=> o-cresol(3)
    CC1[C]C=CC=C1O(967) <=> o-cresol(3)
    CC1=C(O)C=CC[C]1(968) <=> o-cresol(3)
    CC1=CC=C[C]C1O(969) <=> o-cresol(3)
    CC1=C(O)[C]CC=C1(970) <=> o-cresol(3)
    CC1=C(O)C[C]C=C1(971) <=> o-cresol(3)
    CC1=CC[C]C=C1O(972) <=> o-cresol(3)
    CC1=C(O)C=C[C]C1(973) <=> o-cresol(3)
    CC1=C[C]CC=C1O(974) <=> o-cresol(3)
    C1=CC2[C]3OOC[C]3C12(975) <=> 1,2 bzd(9)
    [CH]1OO[C]2C=CC=CC12(976) <=> 1,2 bzd(9)
    [C]1=CC=C[C]2OOCC12(977) <=> 1,2 bzd(9)
    [C]1=C2COOC2=C[CH]C1(978) <=> 1,2 bzd(9)
    [C]1C=CC=C2COOC12(834) <=> 1,2 bzd(9)
    [C]1=C2OOCC2=C[CH]C1(979) <=> 1,2 bzd(9)
    [C]1=CC=C2COO[C]2C1(980) <=> 1,2 bzd(9)
    [C]1=CC2=C([CH]C1)COO2(981) <=> 1,2 bzd(9)
    [C]1=CC=C2OOC[C]2C1(982) <=> 1,2 bzd(9)
    [C]1=CC2=C([CH]C1)OOC2(983) <=> 1,2 bzd(9)
    [CH]1OOC2[CH]C=CC=C12(843) <=> 1,2 bzd(9)
    [CH]1C=CC2=C([CH]OO2)C1(984) <=> 1,2 bzd(9)
    [C]1=C2COOC2[CH]C=C1(844) <=> 1,2 bzd(9)
    [C]1=C2OOCC2[CH]C=C1(985) <=> 1,2 bzd(9)
    [C]1=CC2COO[C]2C=C1(986) <=> 1,2 bzd(9)
    [C]1=CC=C2COOC2[CH]1(845) <=> 1,2 bzd(9)
    [C]1=CC[CH]C2=C1OOC2(987) <=> 1,2 bzd(9)
    [C]1=CC[C]2OOCC2=C1(988) <=> 1,2 bzd(9)
    [C]1=CC[CH]C2=C1COO2(989) <=> 1,2 bzd(9)
    [C]1=CC[C]2COOC2=C1(990) <=> 1,2 bzd(9)
    [CH]1OO[C]2CC=CC=C12(991) <=> 1,2 bzd(9)
    [CH]1CC=CC2=C1[CH]OO2(992) <=> 1,2 bzd(9)
    [C]1=C2COO[C]2CC=C1(993) <=> 1,2 bzd(9)
    [C]1=C2OOC[C]2CC=C1(994) <=> 1,2 bzd(9)
    [C]1=C[CH]C2OOCC2=C1(846) <=> 1,2 bzd(9)
    [C]1=C[C]2OOCC2C=C1(995) <=> 1,2 bzd(9)
    [CH]1OOC2=C1C=CC[CH]2(996) <=> 1,2 bzd(9)
    H(11) + [CH]1OOc2ccccc21(997) <=> 1,2 bzd(9)
    H(11) + [c]1cccc2c1COO2(998) <=> 1,2 bzd(9)
    H(11) + [c]1cccc2c1OOC2(999) <=> 1,2 bzd(9)
    H(11) + [c]1ccc2c(c1)OOC2(1000) <=> 1,2 bzd(9)
    H(11) + [c]1ccc2c(c1)COO2(1001) <=> 1,2 bzd(9)
    [C]1C=CC=C2OOCC12(1002) <=> 1,2 bzd(9)
    [C]1CC=CC2=C1COO2(1003) <=> 1,2 bzd(9)
    [C]1C=CC=C2COOC12(1004) <=> 1,2 bzd(9)
    [C]1CC=CC2=C1OOC2(1005) <=> 1,2 bzd(9)
    [C]1C=CC2=C(C1)OOC2(1006) <=> 1,2 bzd(9)
    [C]1C=C2OOCC2=CC1(1007) <=> 1,2 bzd(9)
    [C]1C=CC2=C(C1)COO2(1008) <=> 1,2 bzd(9)
    [C]1C=C2COOC2=CC1(1009) <=> 1,2 bzd(9)
    O(12) + OH(8) <=> HO2(15)
    C[C]1C=CC=CC1C12C=CC=C[C]1COO2(1010) <=> 1,2 bzd(9) + toluene(1)
    C[C]1C=CC=CC1C1C=CC=C2OOC[C]21(1011) <=> 1,2 bzd(9) + toluene(1)
    C[C]1C=CC=CC1C12C=CC=C[C]1OOC2(1012) <=> 1,2 bzd(9) + toluene(1)
    C[C]1C=CC=CC1C1C=CC=C2COO[C]21(1013) <=> 1,2 bzd(9) + toluene(1)
    C[C]1C=CC=CC1C1[CH]C2=C(C=C1)OOC2(1014) <=> 1,2 bzd(9) + toluene(1)
    C[C]1C=CC=CC1C1[CH]C2=C(C=C1)COO2(1015) <=> 1,2 bzd(9) + toluene(1)
    CC1(C23C=CC=C[C]2COO3)[CH]C=CC=C1(1016) <=> 1,2 bzd(9) + toluene(1)
    CC1(C2C=CC=C3OOC[C]32)[CH]C=CC=C1(1017) <=> 1,2 bzd(9) + toluene(1)
    CC1(C23C=CC=C[C]2OOC3)[CH]C=CC=C1(1018) <=> 1,2 bzd(9) + toluene(1)
    CC1(C2C=CC=C3COO[C]32)[CH]C=CC=C1(1019) <=> 1,2 bzd(9) + toluene(1)
    CC1(C2[CH]C3=C(C=C2)OOC3)[CH]C=CC=C1(1020) <=> 1,2 bzd(9) + toluene(1)
    CC1(C2[CH]C3=C(C=C2)COO3)[CH]C=CC=C1(1021) <=> 1,2 bzd(9) + toluene(1)
    CC1=CC=CC(C23C=CC=C[C]2COO3)[CH]1(1022) <=> 1,2 bzd(9) + toluene(1)
    CC1=CC=CC(C2C=CC=C3OOC[C]32)[CH]1(1023) <=> 1,2 bzd(9) + toluene(1)
    CC1=CC=CC(C23C=CC=C[C]2OOC3)[CH]1(1024) <=> 1,2 bzd(9) + toluene(1)
    CC1=CC=CC(C2C=CC=C3COO[C]32)[CH]1(1025) <=> 1,2 bzd(9) + toluene(1)
    CC1=CC=CC(C2[CH]C3=C(C=C2)OOC3)[CH]1(1026) <=> 1,2 bzd(9) + toluene(1)
    CC1=CC=CC(C2[CH]C3=C(C=C2)COO3)[CH]1(1027) <=> 1,2 bzd(9) + toluene(1)
    CC1=C[CH]C(C23C=CC=C[C]2COO3)C=C1(1028) <=> 1,2 bzd(9) + toluene(1)
    CC1=C[CH]C(C2C=CC=C3OOC[C]32)C=C1(1029) <=> 1,2 bzd(9) + toluene(1)
    CC1=C[CH]C(C23C=CC=C[C]2OOC3)C=C1(1030) <=> 1,2 bzd(9) + toluene(1)
    CC1=C[CH]C(C2C=CC=C3COO[C]32)C=C1(1031) <=> 1,2 bzd(9) + toluene(1)
    CC1=C[CH]C(C2[CH]C3=C(C=C2)OOC3)C=C1(1032) <=> 1,2 bzd(9) + toluene(1)
    CC1=C[CH]C(C2[CH]C3=C(C=C2)COO3)C=C1(1033) <=> 1,2 bzd(9) + toluene(1)
    tolyl(2) + C1=C[C]2OOCC2C=C1(864) <=> 1,2 bzd(9) + toluene(1)
    tolyl(2) + C1=CC[C]2COOC2=C1(862) <=> 1,2 bzd(9) + toluene(1)
    tolyl(2) + C1=CC[C]2OOCC2=C1(847) <=> 1,2 bzd(9) + toluene(1)
    tolyl(2) + [CH]1CC=CC2=C1OOC2(839) <=> 1,2 bzd(9) + toluene(1)
    tolyl(2) + C1=C[C]2OOCC2=CC1(857) <=> 1,2 bzd(9) + toluene(1)
    Cc1[c]cccc1(292) + C1=C[C]2OOCC2C=C1(864) <=> 1,2 bzd(9) + toluene(1)
    Cc1[c]cccc1(292) + C1=C[C]2COOC2C=C1(637) <=> 1,2 bzd(9) + toluene(1)
    Cc1[c]cccc1(292) + C1=CC[C]2COOC2=C1(862) <=> 1,2 bzd(9) + toluene(1)
    Cc1[c]cccc1(292) + C1=CC[C]2OOCC2=C1(847) <=> 1,2 bzd(9) + toluene(1)
    Cc1[c]cccc1(292) + [CH]1CC=CC2=C1OOC2(839) <=> 1,2 bzd(9) + toluene(1)
    Cc1[c]cccc1(292) + C1=C[C]2OOCC2=CC1(857) <=> 1,2 bzd(9) + toluene(1)
    Cc1c[c]ccc1(293) + C1=C[C]2OOCC2C=C1(864) <=> 1,2 bzd(9) + toluene(1)
    Cc1c[c]ccc1(293) + C1=C[C]2COOC2C=C1(637) <=> 1,2 bzd(9) + toluene(1)
    Cc1c[c]ccc1(293) + C1=CC[C]2COOC2=C1(862) <=> 1,2 bzd(9) + toluene(1)
    Cc1c[c]ccc1(293) + C1=CC[C]2OOCC2=C1(847) <=> 1,2 bzd(9) + toluene(1)
    Cc1c[c]ccc1(293) + [CH]1CC=CC2=C1OOC2(839) <=> 1,2 bzd(9) + toluene(1)
    Cc1c[c]ccc1(293) + C1=C[C]2OOCC2=CC1(857) <=> 1,2 bzd(9) + toluene(1)
    Cc1cc[c]cc1(294) + C1=C[C]2OOCC2C=C1(864) <=> 1,2 bzd(9) + toluene(1)
    Cc1cc[c]cc1(294) + C1=C[C]2COOC2C=C1(637) <=> 1,2 bzd(9) + toluene(1)
    Cc1cc[c]cc1(294) + C1=CC[C]2COOC2=C1(862) <=> 1,2 bzd(9) + toluene(1)
    Cc1cc[c]cc1(294) + C1=CC[C]2OOCC2=C1(847) <=> 1,2 bzd(9) + toluene(1)
    Cc1cc[c]cc1(294) + [CH]1CC=CC2=C1OOC2(839) <=> 1,2 bzd(9) + toluene(1)
    Cc1cc[c]cc1(294) + C1=C[C]2OOCC2=CC1(857) <=> 1,2 bzd(9) + toluene(1)
    [CH]1OOc2ccccc21(997) + CC1[CH]C=CC=C1(310) <=> 1,2 bzd(9) + toluene(1)
    [c]1cccc2c1OOC2(999) + CC1[CH]C=CC=C1(310) <=> 1,2 bzd(9) + toluene(1)
    [c]1ccc2c(c1)OOC2(1000) + CC1[CH]C=CC=C1(310) <=> 1,2 bzd(9) + toluene(1)
    [c]1ccc2c(c1)COO2(1001) + CC1[CH]C=CC=C1(310) <=> 1,2 bzd(9) + toluene(1)
    [c]1cccc2c1COO2(998) + CC1[CH]C=CC=C1(310) <=> 1,2 bzd(9) + toluene(1)
    [CH]1OOc2ccccc21(997) + C[C]1C=CC=CC1(311) <=> 1,2 bzd(9) + toluene(1)
    [c]1cccc2c1OOC2(999) + C[C]1C=CC=CC1(311) <=> 1,2 bzd(9) + toluene(1)
    [c]1ccc2c(c1)OOC2(1000) + C[C]1C=CC=CC1(311) <=> 1,2 bzd(9) + toluene(1)
    [c]1ccc2c(c1)COO2(1001) + C[C]1C=CC=CC1(311) <=> 1,2 bzd(9) + toluene(1)
    [c]1cccc2c1COO2(998) + C[C]1C=CC=CC1(311) <=> 1,2 bzd(9) + toluene(1)
    [CH]1OOc2ccccc21(997) + CC1=CC=CC[CH]1(312) <=> 1,2 bzd(9) + toluene(1)
    [c]1cccc2c1OOC2(999) + CC1=CC=CC[CH]1(312) <=> 1,2 bzd(9) + toluene(1)
    [c]1ccc2c(c1)OOC2(1000) + CC1=CC=CC[CH]1(312) <=> 1,2 bzd(9) + toluene(1)
    [c]1ccc2c(c1)COO2(1001) + CC1=CC=CC[CH]1(312) <=> 1,2 bzd(9) + toluene(1)
    [c]1cccc2c1COO2(998) + CC1=CC=CC[CH]1(312) <=> 1,2 bzd(9) + toluene(1)
    [CH]1OOc2ccccc21(997) + CC1=C[CH]CC=C1(313) <=> 1,2 bzd(9) + toluene(1)
    [c]1cccc2c1OOC2(999) + CC1=C[CH]CC=C1(313) <=> 1,2 bzd(9) + toluene(1)
    [c]1ccc2c(c1)OOC2(1000) + CC1=C[CH]CC=C1(313) <=> 1,2 bzd(9) + toluene(1)
    [c]1ccc2c(c1)COO2(1001) + CC1=C[CH]CC=C1(313) <=> 1,2 bzd(9) + toluene(1)
    [c]1cccc2c1COO2(998) + CC1=C[CH]CC=C1(313) <=> 1,2 bzd(9) + toluene(1)
    C=C1C=CC=CC1C12C=CC=CC1OOC2(1034) <=> 1,2 bzd(9) + toluene(1)
    C=C1C=CC=CC1C12CC=CC=C1OOC2(1035) <=> 1,2 bzd(9) + toluene(1)
    C=C1C=CC=CC1C12C=CC=CC1COO2(1036) <=> 1,2 bzd(9) + toluene(1)
    C=C1C=CC=CC1C12CC=CC=C1COO2(1037) <=> 1,2 bzd(9) + toluene(1)
    C=C1C=CC=CC1C1C=CC=C2OOCC21(1038) <=> 1,2 bzd(9) + toluene(1)
    C=C1C=CC=CC1C1CC=CC2=C1COO2(1039) <=> 1,2 bzd(9) + toluene(1)
    C=C1C=CC=CC1C1C=CC=C2COOC21(1040) <=> 1,2 bzd(9) + toluene(1)
    C=C1C=CC=CC1C1CC=CC2=C1OOC2(1041) <=> 1,2 bzd(9) + toluene(1)
    C=C1C=CC=CC1C1C=CC2=C(C1)OOC2(1042) <=> 1,2 bzd(9) + toluene(1)
    C=C1C=CC=CC1C1C=C2OOCC2=CC1(1043) <=> 1,2 bzd(9) + toluene(1)
    C=C1C=CC=CC1C1C=CC2=C(COO2)C1(1044) <=> 1,2 bzd(9) + toluene(1)
    C=C1C=CC=CC1C1C=C2COOC2=CC1(1045) <=> 1,2 bzd(9) + toluene(1)
    CC1=C=CC=CC1C12C=CC=CC1OOC2(1046) <=> 1,2 bzd(9) + toluene(1)
    CC1=C=CC=CC1C12CC=CC=C1OOC2(1047) <=> 1,2 bzd(9) + toluene(1)
    CC1=C=CC=CC1C12C=CC=CC1COO2(1048) <=> 1,2 bzd(9) + toluene(1)
    CC1=C=CC=CC1C12CC=CC=C1COO2(1049) <=> 1,2 bzd(9) + toluene(1)
    CC1=C=CC=CC1C1C=CC=C2OOCC21(1050) <=> 1,2 bzd(9) + toluene(1)
    CC1=C=CC=CC1C1CC=CC2=C1COO2(1051) <=> 1,2 bzd(9) + toluene(1)
    CC1=C=CC=CC1C1C=CC=C2COOC21(1052) <=> 1,2 bzd(9) + toluene(1)
    CC1=C=CC=CC1C1CC=CC2=C1OOC2(1053) <=> 1,2 bzd(9) + toluene(1)
    CC1=C=CC=CC1C1C=CC2=C(C1)OOC2(1054) <=> 1,2 bzd(9) + toluene(1)
    CC1=C=CC=CC1C1C=C2OOCC2=CC1(1055) <=> 1,2 bzd(9) + toluene(1)
    CC1=C=CC=CC1C1C=CC2=C(COO2)C1(1056) <=> 1,2 bzd(9) + toluene(1)
    CC1=C=CC=CC1C1C=C2COOC2=CC1(1057) <=> 1,2 bzd(9) + toluene(1)
    CC1=C=CC(C23C=CC=CC2OOC3)C=C1(1058) <=> 1,2 bzd(9) + toluene(1)
    CC1=C=CC(C23CC=CC=C2OOC3)C=C1(1059) <=> 1,2 bzd(9) + toluene(1)
    CC1=C=CC(C23C=CC=CC2COO3)C=C1(1060) <=> 1,2 bzd(9) + toluene(1)
    CC1=C=CC(C23CC=CC=C2COO3)C=C1(1061) <=> 1,2 bzd(9) + toluene(1)
    CC1=C=CC(C2C=CC=C3OOCC32)C=C1(1062) <=> 1,2 bzd(9) + toluene(1)
    CC1=C=CC(C2CC=CC3=C2COO3)C=C1(1063) <=> 1,2 bzd(9) + toluene(1)
    CC1=C=CC(C2C=CC=C3COOC32)C=C1(1064) <=> 1,2 bzd(9) + toluene(1)
    CC1=C=CC(C2CC=CC3=C2OOC3)C=C1(1065) <=> 1,2 bzd(9) + toluene(1)
    CC1=C=CC(C2C=CC3=C(C2)OOC3)C=C1(1066) <=> 1,2 bzd(9) + toluene(1)
    CC1=C=CC(C2C=C3OOCC3=CC2)C=C1(1067) <=> 1,2 bzd(9) + toluene(1)
    CC1=C=CC(C2C=CC3=C(COO3)C2)C=C1(1068) <=> 1,2 bzd(9) + toluene(1)
    CC1=C=CC(C2C=C3COOC3=CC2)C=C1(1069) <=> 1,2 bzd(9) + toluene(1)
    CC1(C23C=CC=CC2OOC3)C=C=CC=C1(1070) <=> 1,2 bzd(9) + toluene(1)
    CC1(C23CC=CC=C2OOC3)C=C=CC=C1(1071) <=> 1,2 bzd(9) + toluene(1)
    CC1(C23C=CC=CC2COO3)C=C=CC=C1(1072) <=> 1,2 bzd(9) + toluene(1)
    CC1(C23CC=CC=C2COO3)C=C=CC=C1(1073) <=> 1,2 bzd(9) + toluene(1)
    CC1(C2C=CC=C3OOCC32)C=C=CC=C1(1074) <=> 1,2 bzd(9) + toluene(1)
    CC1(C2CC=CC3=C2COO3)C=C=CC=C1(1075) <=> 1,2 bzd(9) + toluene(1)
    CC1(C2C=CC=C3COOC32)C=C=CC=C1(1076) <=> 1,2 bzd(9) + toluene(1)
    CC1(C2CC=CC3=C2OOC3)C=C=CC=C1(1077) <=> 1,2 bzd(9) + toluene(1)
    CC1(C2C=CC3=C(C2)OOC3)C=C=CC=C1(1078) <=> 1,2 bzd(9) + toluene(1)
    CC1(C2C=C3OOCC3=CC2)C=C=CC=C1(1079) <=> 1,2 bzd(9) + toluene(1)
    CC1(C2C=CC3=C(COO3)C2)C=C=CC=C1(1080) <=> 1,2 bzd(9) + toluene(1)
    CC1(C2C=C3COOC3=CC2)C=C=CC=C1(1081) <=> 1,2 bzd(9) + toluene(1)
    CC1=CC(C23C=CC=CC2OOC3)C=C=C1(1082) <=> 1,2 bzd(9) + toluene(1)
    CC1=CC(C23CC=CC=C2OOC3)C=C=C1(1083) <=> 1,2 bzd(9) + toluene(1)
    CC1=CC(C23C=CC=CC2COO3)C=C=C1(1084) <=> 1,2 bzd(9) + toluene(1)
    CC1=CC(C23CC=CC=C2COO3)C=C=C1(1085) <=> 1,2 bzd(9) + toluene(1)
    CC1=CC(C2C=CC=C3OOCC32)C=C=C1(1086) <=> 1,2 bzd(9) + toluene(1)
    CC1=CC(C2CC=CC3=C2COO3)C=C=C1(1087) <=> 1,2 bzd(9) + toluene(1)
    CC1=CC(C2C=CC=C3COOC32)C=C=C1(1088) <=> 1,2 bzd(9) + toluene(1)
    CC1=CC(C2CC=CC3=C2OOC3)C=C=C1(1089) <=> 1,2 bzd(9) + toluene(1)
    CC1=CC(C2C=CC3=C(C2)OOC3)C=C=C1(1090) <=> 1,2 bzd(9) + toluene(1)
    CC1=CC(C2C=C3OOCC3=CC2)C=C=C1(1091) <=> 1,2 bzd(9) + toluene(1)
    CC1=CC(C2C=CC3=C(COO3)C2)C=C=C1(1092) <=> 1,2 bzd(9) + toluene(1)
    CC1=CC(C2C=C3COOC3=CC2)C=C=C1(1093) <=> 1,2 bzd(9) + toluene(1)
    CC1=CC=C=CC1C12C=CC=CC1OOC2(1094) <=> 1,2 bzd(9) + toluene(1)
    CC1=CC=C=CC1C12CC=CC=C1OOC2(1095) <=> 1,2 bzd(9) + toluene(1)
    CC1=CC=C=CC1C12C=CC=CC1COO2(1096) <=> 1,2 bzd(9) + toluene(1)
    CC1=CC=C=CC1C12CC=CC=C1COO2(1097) <=> 1,2 bzd(9) + toluene(1)
    CC1=CC=C=CC1C1C=CC=C2OOCC21(1098) <=> 1,2 bzd(9) + toluene(1)
    CC1=CC=C=CC1C1CC=CC2=C1COO2(1099) <=> 1,2 bzd(9) + toluene(1)
    CC1=CC=C=CC1C1C=CC=C2COOC21(1100) <=> 1,2 bzd(9) + toluene(1)
    CC1=CC=C=CC1C1CC=CC2=C1OOC2(1101) <=> 1,2 bzd(9) + toluene(1)
    CC1=CC=C=CC1C1C=CC2=C(C1)OOC2(1102) <=> 1,2 bzd(9) + toluene(1)
    CC1=CC=C=CC1C1C=C2OOCC2=CC1(1103) <=> 1,2 bzd(9) + toluene(1)
    CC1=CC=C=CC1C1C=CC2=C(COO2)C1(1104) <=> 1,2 bzd(9) + toluene(1)
    CC1=CC=C=CC1C1C=C2COOC2=CC1(1105) <=> 1,2 bzd(9) + toluene(1)
    CC1(C23C=CC=CC2=COO3)C=CC=CC1(1106) <=> 1,2 bzd(9) + toluene(1)
    CC1(C2C=CC=C3OOC=C32)C=CC=CC1(1107) <=> 1,2 bzd(9) + toluene(1)
    CC1(C23C=CC=C=C2COO3)C=CC=CC1(1108) <=> 1,2 bzd(9) + toluene(1)
    CC1(C2C=C=C3COOC3=C2)C=CC=CC1(1109) <=> 1,2 bzd(9) + toluene(1)
    CC1(C23C=CC=C=C2OOC3)C=CC=CC1(1110) <=> 1,2 bzd(9) + toluene(1)
    CC1(C2C=C=C3OOCC3=C2)C=CC=CC1(1111) <=> 1,2 bzd(9) + toluene(1)
    CC1(C23C=C=CC=C2COO3)C=CC=CC1(1112) <=> 1,2 bzd(9) + toluene(1)
    CC1(C2C=C=CC3=C2COO3)C=CC=CC1(1113) <=> 1,2 bzd(9) + toluene(1)
    CC1(C23C=C=CC=C2OOC3)C=CC=CC1(1114) <=> 1,2 bzd(9) + toluene(1)
    CC1(C2C=C=CC3=C2OOC3)C=CC=CC1(1115) <=> 1,2 bzd(9) + toluene(1)
    CC1C=CC=CC1C12C=CC=CC1=COO2(1116) <=> 1,2 bzd(9) + toluene(1)
    CC1C=CC=CC1C1C=CC=C2OOC=C21(1117) <=> 1,2 bzd(9) + toluene(1)
    CC1C=CC=CC1C12C=CC=C=C1COO2(1118) <=> 1,2 bzd(9) + toluene(1)
    CC1C=CC=CC1C1C=C=C2COOC2=C1(1119) <=> 1,2 bzd(9) + toluene(1)
    CC1C=CC=CC1C12C=CC=C=C1OOC2(1120) <=> 1,2 bzd(9) + toluene(1)
    CC1C=CC=CC1C1C=C=C2OOCC2=C1(1121) <=> 1,2 bzd(9) + toluene(1)
    CC1C=CC=CC1C12C=C=CC=C1COO2(1122) <=> 1,2 bzd(9) + toluene(1)
    CC1C=CC=CC1C1C=C=CC2=C1COO2(1123) <=> 1,2 bzd(9) + toluene(1)
    CC1C=CC=CC1C12C=C=CC=C1OOC2(1124) <=> 1,2 bzd(9) + toluene(1)
    CC1C=CC=CC1C1C=C=CC2=C1OOC2(1125) <=> 1,2 bzd(9) + toluene(1)
    CC1=CC=CCC1C12C=CC=CC1=COO2(1126) <=> 1,2 bzd(9) + toluene(1)
    CC1=CC=CCC1C1C=CC=C2OOC=C21(1127) <=> 1,2 bzd(9) + toluene(1)
    CC1=CC=CCC1C12C=CC=C=C1COO2(1128) <=> 1,2 bzd(9) + toluene(1)
    CC1=CC=CCC1C1C=C=C2COOC2=C1(1129) <=> 1,2 bzd(9) + toluene(1)
    CC1=CC=CCC1C12C=CC=C=C1OOC2(1130) <=> 1,2 bzd(9) + toluene(1)
    CC1=CC=CCC1C1C=C=C2OOCC2=C1(1131) <=> 1,2 bzd(9) + toluene(1)
    CC1=CC=CCC1C12C=C=CC=C1COO2(1132) <=> 1,2 bzd(9) + toluene(1)
    CC1=CC=CCC1C1C=C=CC2=C1COO2(1133) <=> 1,2 bzd(9) + toluene(1)
    CC1=CC=CCC1C12C=C=CC=C1OOC2(1134) <=> 1,2 bzd(9) + toluene(1)
    CC1=CC=CCC1C1C=C=CC2=C1OOC2(1135) <=> 1,2 bzd(9) + toluene(1)
    CC1=CC=CC(C23C=CC=CC2=COO3)C1(1136) <=> 1,2 bzd(9) + toluene(1)
    CC1=CC=CC(C2C=CC=C3OOC=C32)C1(1137) <=> 1,2 bzd(9) + toluene(1)
    CC1=CC=CC(C23C=CC=C=C2COO3)C1(1138) <=> 1,2 bzd(9) + toluene(1)
    CC1=CC=CC(C2C=C=C3COOC3=C2)C1(1139) <=> 1,2 bzd(9) + toluene(1)
    CC1=CC=CC(C23C=CC=C=C2OOC3)C1(1140) <=> 1,2 bzd(9) + toluene(1)
    CC1=CC=CC(C2C=C=C3OOCC3=C2)C1(1141) <=> 1,2 bzd(9) + toluene(1)
    CC1=CC=CC(C23C=C=CC=C2COO3)C1(1142) <=> 1,2 bzd(9) + toluene(1)
    CC1=CC=CC(C2C=C=CC3=C2COO3)C1(1143) <=> 1,2 bzd(9) + toluene(1)
    CC1=CC=CC(C23C=C=CC=C2OOC3)C1(1144) <=> 1,2 bzd(9) + toluene(1)
    CC1=CC=CC(C2C=C=CC3=C2OOC3)C1(1145) <=> 1,2 bzd(9) + toluene(1)
    CC1=CC(C23C=CC=CC2=COO3)CC=C1(1146) <=> 1,2 bzd(9) + toluene(1)
    CC1=CC(C2C=CC=C3OOC=C32)CC=C1(1147) <=> 1,2 bzd(9) + toluene(1)
    CC1=CC(C23C=CC=C=C2COO3)CC=C1(1148) <=> 1,2 bzd(9) + toluene(1)
    CC1=CC(C2C=C=C3COOC3=C2)CC=C1(1149) <=> 1,2 bzd(9) + toluene(1)
    CC1=CC(C23C=CC=C=C2OOC3)CC=C1(1150) <=> 1,2 bzd(9) + toluene(1)
    CC1=CC(C2C=C=C3OOCC3=C2)CC=C1(1151) <=> 1,2 bzd(9) + toluene(1)
    CC1=CC(C23C=C=CC=C2COO3)CC=C1(1152) <=> 1,2 bzd(9) + toluene(1)
    CC1=CC(C2C=C=CC3=C2COO3)CC=C1(1153) <=> 1,2 bzd(9) + toluene(1)
    CC1=CC(C23C=C=CC=C2OOC3)CC=C1(1154) <=> 1,2 bzd(9) + toluene(1)
    CC1=CC(C2C=C=CC3=C2OOC3)CC=C1(1155) <=> 1,2 bzd(9) + toluene(1)
    CC1=CCC(C23C=CC=CC2=COO3)C=C1(1156) <=> 1,2 bzd(9) + toluene(1)
    CC1=CCC(C2C=CC=C3OOC=C32)C=C1(1157) <=> 1,2 bzd(9) + toluene(1)
    CC1=CCC(C23C=CC=C=C2COO3)C=C1(1158) <=> 1,2 bzd(9) + toluene(1)
    CC1=CCC(C2C=C=C3COOC3=C2)C=C1(1159) <=> 1,2 bzd(9) + toluene(1)
    CC1=CCC(C23C=CC=C=C2OOC3)C=C1(1160) <=> 1,2 bzd(9) + toluene(1)
    CC1=CCC(C2C=C=C3OOCC3=C2)C=C1(1161) <=> 1,2 bzd(9) + toluene(1)
    CC1=CCC(C23C=C=CC=C2COO3)C=C1(1162) <=> 1,2 bzd(9) + toluene(1)
    CC1=CCC(C2C=C=CC3=C2COO3)C=C1(1163) <=> 1,2 bzd(9) + toluene(1)
    CC1=CCC(C23C=C=CC=C2OOC3)C=C1(1164) <=> 1,2 bzd(9) + toluene(1)
    CC1=CCC(C2C=C=CC3=C2OOC3)C=C1(1165) <=> 1,2 bzd(9) + toluene(1)
    O2(6) + CC1[CH]C=CC=C1(310) <=> HO2(15) + toluene(1)
    O2(6) + C[C]1C=CC=CC1(311) <=> HO2(15) + toluene(1)
    O2(6) + CC1=CC=CC[CH]1(312) <=> HO2(15) + toluene(1)
    O2(6) + CC1=C[CH]CC=C1(313) <=> HO2(15) + toluene(1)
    CC1(O[O])C=CC=CC1(1166) <=> HO2(15) + toluene(1)
    CC1C=CC=CC1O[O](1167) <=> HO2(15) + toluene(1)
    CC1=CC=CCC1O[O](1168) <=> HO2(15) + toluene(1)
    CC1=CC=CC(O[O])C1(1169) <=> HO2(15) + toluene(1)
    CC1=CC(O[O])CC=C1(1170) <=> HO2(15) + toluene(1)
    CC1=CCC(O[O])C=C1(1171) <=> HO2(15) + toluene(1)
    HO2(15) + toluene(1) <=> H2O2(16) + tolyl(2)
    HO2(15) + toluene(1) <=> H2O2(16) + Cc1[c]cccc1(292)
    HO2(15) + toluene(1) <=> H2O2(16) + Cc1c[c]ccc1(293)
    HO2(15) + toluene(1) <=> H2O2(16) + Cc1cc[c]cc1(294)
    HO2(15) + toluene(1) <=> CC1(OO)[CH]C=CC=C1(1172)
    HO2(15) + toluene(1) <=> C[C]1C=CC=CC1OO(1173)
    HO2(15) + toluene(1) <=> CC1=CC=CC(OO)[CH]1(1174)
    HO2(15) + toluene(1) <=> CC1=C[CH]C(OO)C=C1(1175)
    HO2(15) + Cc1ccccc1[O](960) <=> O2(6) + o-cresol(3)
    O2(6) + o-cresol(3) <=> HO2(15) + [CH2]c1ccccc1O(962)
    O2(6) + o-cresol(3) <=> HO2(15) + Cc1[c]cccc1O(963)
    O2(6) + o-cresol(3) <=> HO2(15) + Cc1ccc[c]c1O(964)
    O2(6) + o-cresol(3) <=> HO2(15) + Cc1cc[c]cc1O(965)
    O2(6) + o-cresol(3) <=> HO2(15) + Cc1c[c]ccc1O(966)
    O2(6) + o-cresol(3) <=> CC1(O[O])C=CC=C[C]1O(662)
    O2(6) + o-cresol(3) <=> C[C]1C=CC=CC1(O)O[O](1176)
    O2(6) + o-cresol(3) <=> C[C]1C(O)=CC=CC1O[O](1177)
    O2(6) + o-cresol(3) <=> CC1=CC=CC(O[O])[C]1O(791)
    O2(6) + o-cresol(3) <=> CC1=C(O)[CH]C(O[O])C=C1(1178)
    O2(6) + o-cresol(3) <=> CC1=CC(O[O])C=C[C]1O(766)
    HO2(15) + [CH]1OOc2ccccc21(997) <=> O2(6) + 1,2 bzd(9)
    O2(6) + 1,2 bzd(9) <=> HO2(15) + [c]1cccc2c1COO2(998)
    O2(6) + 1,2 bzd(9) <=> HO2(15) + [c]1cccc2c1OOC2(999)
    O2(6) + 1,2 bzd(9) <=> HO2(15) + [c]1ccc2c(c1)OOC2(1000)
    O2(6) + 1,2 bzd(9) <=> HO2(15) + [c]1ccc2c(c1)COO2(1001)
    O2(6) + 1,2 bzd(9) <=> [O]OC12C=CC=C[C]1OOC2(881)
    O2(6) + 1,2 bzd(9) <=> [O]OC12C=CC=C[C]1COO2(1179)
    O2(6) + 1,2 bzd(9) <=> [O]OC1C=CC=C2OOC[C]21(1180)
    O2(6) + 1,2 bzd(9) <=> [O]OC1C=CC=C2COO[C]21(920)
    O2(6) + 1,2 bzd(9) <=> [O]OC1[CH]C2=C(C=C1)COO2(1181)
    O2(6) + 1,2 bzd(9) <=> [O]OC1C=C[C]2OOCC2=C1(899)
    O2(6) + HO2(15) <=> [O]OOO(1182)

After model enlargement:
    The model core has 24 species and 20 reactions
    The model edge has 1161 species and 2801 reactions


Saving current model core to Chemkin file...
Chemkin file contains 20 reactions.
Saving annotated version of Chemkin file...
Chemkin file contains 20 reactions.
Saving current model core and edge to Chemkin file...
Chemkin file contains 2827 reactions.
Saving annotated version of Chemkin file...
Chemkin file contains 2827 reactions.
Saving current model core to HTML file...
Saving current model edge to HTML file...
Updating RMG execution statistics...
    Execution time (DD:HH:MM:SS): 00:00:03:35
    Memory used: 964.62 MB
Generating plots of execution statistics...

Making seed mechanism...
Conducting simulation of reaction system 1...
At time 1.0000e+02 s, reached target termination time.
    toluene(1) conversion: 8.26e-07  


At time 1.0000e+02 s, reached target termination time.
    toluene(1) conversion: 8.26e-07  

For reaction generation 1 process is used.

Summary of Secondary Model Edge Enlargement
---------------------------------
Added 0 new core species
Created 0 new edge species
Added 0 new core reactions
Created 0 new edge reactions

After model enlargement:
    The model core has 24 species and 20 reactions
    The model edge has 1161 species and 2801 reactions


Saving current model core to Chemkin file...
Chemkin file contains 20 reactions.
Saving annotated version of Chemkin file...
Chemkin file contains 20 reactions.
Saving current model core and edge to Chemkin file...
Chemkin file contains 2827 reactions.
Saving annotated version of Chemkin file...
Chemkin file contains 2827 reactions.
Saving current model core to HTML file...
Saving current model edge to HTML file...
Updating RMG execution statistics...
    Execution time (DD:HH:MM:SS): 00:00:03:41
    Memory used: 964.62 MB
Generating plots of execution statistics...

Making seed mechanism...
Conducting sensitivity analysis of reaction system 1...
At time 1.0000e+02 s, reached target termination time.
    toluene(1) conversion: 8.26e-07  
Reloading kinetics families with verbose comments for uncertainty analysis...
Conducting uncorrelated local uncertainty analysis for reaction system 1...

Local uncertainty analysis results for reaction system 1:

================================================================================
Total variance [(d ln(c))^2] for species toluene is 0.000000
--------------------------------------------------------------------------------
Top 10 reaction rate contributors                              Sensitivity Index
--------------------------------------------------------------------------------
--------------------------------------------------------------------------------
Top 10 thermochemistry contributors                            Sensitivity Index
--------------------------------------------------------------------------------
================================================================================

================================================================================
Total variance [(d ln(c))^2] for species toluene is 0.000000
--------------------------------------------------------------------------------
Top 10 reaction rate contributors                              Sensitivity Index
--------------------------------------------------------------------------------
--------------------------------------------------------------------------------
Top 10 thermochemistry contributors                            Sensitivity Index
--------------------------------------------------------------------------------
================================================================================

================================================================================
Total variance [(d ln(c))^2] for species tolyl is 0.459043
--------------------------------------------------------------------------------
Top 10 reaction rate contributors                              Sensitivity Index
--------------------------------------------------------------------------------
k2077: O2(6)+tolyl(2)=C7H7O2(7)                                         54.4052%
k1674: OH(8)+toluene(1)=H2O(14)+tolyl(2)                                45.5948%
--------------------------------------------------------------------------------
Top 10 thermochemistry contributors                            Sensitivity Index
--------------------------------------------------------------------------------
================================================================================

================================================================================
Total variance [(d ln(c))^2] for species tolylperoxy is 9.602374
--------------------------------------------------------------------------------
Top 10 reaction rate contributors                              Sensitivity Index
--------------------------------------------------------------------------------
k2082: C7H7O2(7)=S(637)                                                 47.2142%
k2394: O2(6)+S(637)=HO2(15)+C7H6O2(9)                                    7.3212%
k1674: OH(8)+toluene(1)=H2O(14)+tolyl(2)                                 2.1799%
k2077: O2(6)+tolyl(2)=C7H7O2(7)                                          0.0000%
--------------------------------------------------------------------------------
Top 10 thermochemistry contributors                            Sensitivity Index
--------------------------------------------------------------------------------
dln[C7H7O2(7)]/dG[S(637)]                                               21.6423%
dln[C7H7O2(7)]/dG[C7H7O2(7)]                                            21.6423%
================================================================================

================================================================================
Total variance [(d ln(c))^2] for species o-cresol is 13.012605
--------------------------------------------------------------------------------
Top 10 reaction rate contributors                              Sensitivity Index
--------------------------------------------------------------------------------
k1679: OH(8)+toluene(1)=MHCHD(4)                                        99.9940%
k1674: OH(8)+toluene(1)=H2O(14)+tolyl(2)                                 0.0060%
k1890: O2(6)+MHCHD(4)=HO2(15)+C7H8O(3)                                   0.0000%
k1899: O2(6)+MHCHD(4)=S(514)                                             0.0000%
--------------------------------------------------------------------------------
Top 10 thermochemistry contributors                            Sensitivity Index
--------------------------------------------------------------------------------
dln[C7H8O(3)]/dG[S(514)]                                                 0.0000%
dln[C7H8O(3)]/dG[MHCHD(4)]                                               0.0000%
dln[C7H8O(3)]/dG[O2(6)]                                                  0.0000%
dln[C7H8O(3)]/dG[S(513)]                                                 0.0000%
================================================================================

================================================================================
Total variance [(d ln(c))^2] for species benzaldehyde is 0.000000
--------------------------------------------------------------------------------
Top 10 reaction rate contributors                              Sensitivity Index
--------------------------------------------------------------------------------
--------------------------------------------------------------------------------
Top 10 thermochemistry contributors                            Sensitivity Index
--------------------------------------------------------------------------------
================================================================================

================================================================================
Total variance [(d ln(c))^2] for species 1,3 bzd is 0.000000
--------------------------------------------------------------------------------
Top 10 reaction rate contributors                              Sensitivity Index
--------------------------------------------------------------------------------
--------------------------------------------------------------------------------
Top 10 thermochemistry contributors                            Sensitivity Index
--------------------------------------------------------------------------------
================================================================================

================================================================================
Total variance [(d ln(c))^2] for species 1,2 bzd is 0.222804
--------------------------------------------------------------------------------
Top 10 reaction rate contributors                              Sensitivity Index
--------------------------------------------------------------------------------
k1674: OH(8)+toluene(1)=H2O(14)+tolyl(2)                                99.9990%
k2082: C7H7O2(7)=S(637)                                                  0.0005%
k2394: O2(6)+S(637)=HO2(15)+C7H6O2(9)                                    0.0001%
k2077: O2(6)+tolyl(2)=C7H7O2(7)                                          0.0000%
k2402: O2(6)+S(637)=S(872)                                               0.0000%
--------------------------------------------------------------------------------
Top 10 thermochemistry contributors                            Sensitivity Index
--------------------------------------------------------------------------------
dln[C7H6O2(9)]/dG[S(637)]                                                0.0002%
dln[C7H6O2(9)]/dG[C7H7O2(7)]                                             0.0002%
dln[C7H6O2(9)]/dG[S(872)]                                                0.0000%
dln[C7H6O2(9)]/dG[O2(6)]                                                 0.0000%
================================================================================


Conducting correlated local uncertainty analysis for reaction system 1...

Local uncertainty analysis results for reaction system 1:

================================================================================
Total variance [(d ln(c))^2] for species toluene is 0.000000
--------------------------------------------------------------------------------
Top 10 reaction rate contributors                              Sensitivity Index
--------------------------------------------------------------------------------
--------------------------------------------------------------------------------
Top 10 thermochemistry contributors                            Sensitivity Index
--------------------------------------------------------------------------------
================================================================================

================================================================================
Total variance [(d ln(c))^2] for species toluene is 0.000000
--------------------------------------------------------------------------------
Top 10 reaction rate contributors                              Sensitivity Index
--------------------------------------------------------------------------------
--------------------------------------------------------------------------------
Top 10 thermochemistry contributors                            Sensitivity Index
--------------------------------------------------------------------------------
================================================================================

================================================================================
Total variance [(d ln(c))^2] for species tolyl is 0.459043
--------------------------------------------------------------------------------
Top 10 reaction rate contributors                              Sensitivity Index
--------------------------------------------------------------------------------
Training R_Recombination O2(6)+tolyl(2)=C7H7O2(7)                       54.4052%
Training H_Abstraction OH(8)+toluene(1)=H2O(14)+tolyl(2)                45.5948%
--------------------------------------------------------------------------------
Top 10 thermochemistry contributors                            Sensitivity Index
--------------------------------------------------------------------------------
================================================================================

================================================================================
Total variance [(d ln(c))^2] for species tolylperoxy is 5.469967
--------------------------------------------------------------------------------
Top 10 reaction rate contributors                              Sensitivity Index
--------------------------------------------------------------------------------
Estimation C7H7O2(7)=S(637)                                             58.7986%
Estimation O2(6)+S(637)=HO2(15)+C7H6O2(9)                                8.3120%
Training H_Abstraction OH(8)+toluene(1)=H2O(14)+tolyl(2)                 3.8267%
Intra_R_Add_Endocyclic Rn3c6ben_alpha_short_MSS;benzenebond_intra_CbCbH;radadd_intra_cs        0.5155%
Intra_R_Add_Endocyclic Rn3c6ben_alpha_short_MSS;benzenebond_intra_CbCbH;radadd_intra_cdsingle        0.5155%
Disproportionation O2b;C/H/NdDe_Csrad                                    0.4927%
Training R_Recombination O2(6)+tolyl(2)=C7H7O2(7)                        0.0000%
--------------------------------------------------------------------------------
Top 10 thermochemistry contributors                            Sensitivity Index
--------------------------------------------------------------------------------
Estimation S(637)                                                       12.6454%
Estimation C7H7O2(7)                                                    12.6454%
Group(group) Cb-H                                                        1.4050%
Group(group) Cds-Cds(Cds-Cds)H                                           0.2248%
Group(group) O2s-OsCs                                                    0.0562%
Group(group) Cs-(Cds-Cds)CsOsH                                           0.0562%
Group(group) Cs-(Cds-Cds)CsHH                                            0.0562%
Group(group) Cds-CdsCsCs                                                 0.0562%
Group(group) Cds-CdsCsH                                                  0.0562%
Group(polycyclic) s2_5_6_diene_0_2                                       0.0562%
================================================================================

================================================================================
Total variance [(d ln(c))^2] for species o-cresol is 9.738764
--------------------------------------------------------------------------------
Top 10 reaction rate contributors                              Sensitivity Index
--------------------------------------------------------------------------------
Estimation OH(8)+toluene(1)=MHCHD(4)                                    99.1363%
R_Addition_MultipleBond Cb-H-Ortho_Cb-C-fused;YJ                         0.2852%
R_Addition_MultipleBond Cb-H-Ortho_Cb-C;CJ                               0.2852%
R_Addition_MultipleBond Cb-H-Ortho_Cb-C;HJ                               0.2852%
Training H_Abstraction OH(8)+toluene(1)=H2O(14)+tolyl(2)                 0.0080%
Estimation O2(6)+MHCHD(4)=HO2(15)+C7H8O(3)                               0.0000%
Disproportionation O2b;C/H/NdDe_Csrad                                    0.0000%
Estimation O2(6)+MHCHD(4)=S(514)                                         0.0000%
R_Recombination Root_N-1R->H_N-1CNOS->N_1COS->O_Ext-1O-R_Ext-2R-R_Ext-4R!H-R_Ext-2R-R_Ext-4R!H-R        0.0000%
--------------------------------------------------------------------------------
Top 10 thermochemistry contributors                            Sensitivity Index
--------------------------------------------------------------------------------
Estimation MHCHD(4)                                                      0.0000%
Library O2(6)                                                            0.0000%
Estimation S(514)                                                        0.0000%
Group(group) Cds-CdsCsH                                                  0.0000%
Group(group) Cs-(Cds-Cds)CsHH                                            0.0000%
Group(radical) C=CCJC(O)C=C                                              0.0000%
Group(group) O2s-OsCs                                                    0.0000%
Group(group) O2s-OsH                                                     0.0000%
Group(group) Cs-(Cds-Cds)HHH                                             0.0000%
Group(group) Cds-CdsCsCs                                                 0.0000%
================================================================================

================================================================================
Total variance [(d ln(c))^2] for species benzaldehyde is 0.000000
--------------------------------------------------------------------------------
Top 10 reaction rate contributors                              Sensitivity Index
--------------------------------------------------------------------------------
--------------------------------------------------------------------------------
Top 10 thermochemistry contributors                            Sensitivity Index
--------------------------------------------------------------------------------
================================================================================

================================================================================
Total variance [(d ln(c))^2] for species 1,3 bzd is 0.000000
--------------------------------------------------------------------------------
Top 10 reaction rate contributors                              Sensitivity Index
--------------------------------------------------------------------------------
--------------------------------------------------------------------------------
Top 10 thermochemistry contributors                            Sensitivity Index
--------------------------------------------------------------------------------
================================================================================

================================================================================
Total variance [(d ln(c))^2] for species 1,2 bzd is 0.222803
--------------------------------------------------------------------------------
Top 10 reaction rate contributors                              Sensitivity Index
--------------------------------------------------------------------------------
Training H_Abstraction OH(8)+toluene(1)=H2O(14)+tolyl(2)                99.9994%
Estimation C7H7O2(7)=S(637)                                              0.0004%
Estimation O2(6)+S(637)=HO2(15)+C7H6O2(9)                                0.0001%
Intra_R_Add_Endocyclic Rn3c6ben_alpha_short_MSS;benzenebond_intra_CbCbH;radadd_intra_cs        0.0000%
Intra_R_Add_Endocyclic Rn3c6ben_alpha_short_MSS;benzenebond_intra_CbCbH;radadd_intra_cdsingle        0.0000%
Disproportionation O2b;C/H/NdDe_Csrad                                    0.0000%
Training R_Recombination O2(6)+tolyl(2)=C7H7O2(7)                        0.0000%
Estimation O2(6)+S(637)=S(872)                                           0.0000%
R_Recombination Root_N-1R->H_N-1CNOS->N_1COS->O_Ext-1O-R_Ext-2R-R_Ext-4R!H-R_Ext-2R-R_Ext-4R!H-R        0.0000%
--------------------------------------------------------------------------------
Top 10 thermochemistry contributors                            Sensitivity Index
--------------------------------------------------------------------------------
Estimation S(637)                                                        0.0001%
Estimation C7H7O2(7)                                                     0.0001%
Group(group) Cb-H                                                        0.0000%
Group(group) Cds-Cds(Cds-Cds)H                                           0.0000%
Group(group) Cs-(Cds-Cds)CsHH                                            0.0000%
Group(group) Cds-CdsCsCs                                                 0.0000%
Group(polycyclic) s2_5_6_diene_0_2                                       0.0000%
Group(radical) C=CCJC(O)C=C                                              0.0000%
Group(group) O2s-OsH                                                     0.0000%
Group(group) Cs-(Cds-Cds)CsOsH                                           0.0000%
================================================================================


Performing final model checks...
No collision rate violators found in the model's core.

MODEL GENERATION COMPLETED

The final model core has 24 species and 20 reactions
The final model edge has 1161 species and 2801 reactions

RMG execution terminated at Sat Apr 12 10:14:13 2025
